ISO-10303-21;
HEADER;
FILE_DESCRIPTION(('ViewDefinition [ReferenceView_V1.2]'),'2;1');
FILE_NAME('Building-Architecture.ifc','2026-06-23T11:53:44',(''),(''),'Sketchup-IFC-manager 5.6.0 / SketchUp 2026 (26.2.242)','BIM_Tools - Sketchup_IFC_manager - 5.6.0','None');
FILE_SCHEMA(('IFC4'));
ENDSEC;
DATA;
#1=IFCOWNERHISTORY(#2,#5,$,.ADDED.,1782208424,#2,#5,1782208424);
#2=IFCPERSONANDORGANIZATION(#3,#4,$);
#3=IFCPERSON('3720f2e9-0107-4ce6-b699-e20d9bd03331','Jan B.',$,$,$,$,$,$);
#4=IFCORGANIZATION($,'buildingSMART International','buildingSMART is the worldwide industry body driving the digital transformation of the built environment.',$,$);
#5=IFCAPPLICATION(#6,'5.6.0','IFC manager for sketchup','su_ifcmanager');
#6=IFCORGANIZATION($,'BIM-Tools',$,$,$);
#7=IFCAXIS2PLACEMENT3D(#8,#9,#10);
#8=IFCCARTESIANPOINT((0.,0.,0.));
#9=IFCDIRECTION((0.,0.,1.));
#10=IFCDIRECTION((1.,0.,0.));
#11=IFCGEOMETRICREPRESENTATIONCONTEXT($,'Model',3,0.001,#7,$);
#12=IFCGEOMETRICREPRESENTATIONSUBCONTEXT('Body','Model',*,*,*,*,#11,$,.MODEL_VIEW.,$);
#13=IFCPROJECT('2Ndyd$OSX7s9A04nc4lyye',#1,'ifc silly sample scene - project','Demystifying IFC with a playful scene using diverse building elements and compositions.',$,$,$,(#11),#14);
#14=IFCUNITASSIGNMENT((#15,#16,#17));
#15=IFCSIUNIT(*,.LENGTHUNIT.,.MILLI.,.METRE.);
#16=IFCSIUNIT(*,.AREAUNIT.,$,.SQUARE_METRE.);
#17=IFCSIUNIT(*,.VOLUMEUNIT.,$,.CUBIC_METRE.);
#18=IFCPROJECTEDCRS('EPSG:32760','EPSG:32760 - WGS 84 / UTM zone 60S','WGS 84',$,$,$,#19);
#19=IFCSIUNIT(*,.LENGTHUNIT.,$,.METRE.);
#20=IFCMAPCONVERSION(#11,#18,729013.3488297004,9063992.684697364,1.3000000000000018,0.4999999999999999,0.8660254037844387,0.001);
#21=IFCSITE('23sFQGRy90RxVbRHD9iSE2',#1,'environment - site','A sample scene environment, showcasing the surrounding landscape.',$,#23,$,$,.COMPLEX.,$,$,0.,$,$);
#22=IFCRELAGGREGATES('2$yEgyDDH3LB8g17BWZVKC',#1,'ifc silly sample scene - project container',$,#13,(#21));
#23=IFCLOCALPLACEMENT($,#24);
#24=IFCAXIS2PLACEMENT3D(#25,#26,#27);
#25=IFCCARTESIANPOINT((-28841.016,-14200.,-1300.));
#26=IFCDIRECTION((0.,0.,1.));
#27=IFCDIRECTION((0.4999999999999999,-0.8660254037844387,0.));
#28=IFCSITE('1Pbuu0tu59NfhrTsztVBK1',#1,'house - site','Smoke curls from a friendly chimney, promising warmth within this idyllic hilltop house.',$,#30,$,$,.PARTIAL.,$,$,0.,$,$);
#29=IFCRELAGGREGATES('1PA$vT09L2I8d1ZzjDaGOa',#1,'environment - site container',$,#21,(#28));
#30=IFCLOCALPLACEMENT(#23,#31);
#31=IFCAXIS2PLACEMENT3D(#32,#33,#34);
#32=IFCCARTESIANPOINT((0.,40000.,0.));
#33=IFCDIRECTION((0.,0.,1.));
#34=IFCDIRECTION((0.4999999999999999,0.8660254037844387,0.));
#35=IFCBUILDING('0c$N1CTon2BB2Sp89385G8',#1,'Single-family house','The main building structure, providing shelter and space.','house',#40,$,'house - building',.ELEMENT.,$,$,$);
#36=IFCCLASSIFICATION('Molio','1.0','2023-01-23','CCI Construction',$,'https://identifier.buildingsmart.org/uri/molio/cciconstruction/1.0',$);
#37=IFCCLASSIFICATIONREFERENCE('https://identifier.buildingsmart.org/uri/molio/cciconstruction/1.0/class/E-AAA','E-AAA','Single-family house',#36,$,$);
#38=IFCRELASSOCIATESCLASSIFICATION('1aSJ9MI8HCy9yoB1L$9KeB',#1,'CCI Construction Classification',$,(#35),#37);
#39=IFCRELAGGREGATES('16rT3flozCCRaOdhogJjOe',#1,'house - site container',$,#28,(#35));
#40=IFCLOCALPLACEMENT(#30,#41);
#41=IFCAXIS2PLACEMENT3D(#42,#43,#44);
#42=IFCCARTESIANPOINT((-2800.,-2800.,1300.));
#43=IFCDIRECTION((0.,0.,1.));
#44=IFCDIRECTION((1.,0.,0.));
#45=IFCBUILDINGSTOREY('1Ano2ZUxnEIvVQ_beukl8b',#1,'00 groundfloor','The ground floor, forming the base level of the building.','buildingstorey',#47,$,$,.ELEMENT.,0.);
#46=IFCRELAGGREGATES('1V73KC$B50yhdQelx0hpzd',#1,'Single-family house container',$,#35,(#45));
#47=IFCLOCALPLACEMENT(#40,#7);
#48=IFCSLABTYPE('0hnSKr4LD8eRixcnqcc6X1',#1,'house - groundfloor','A solid, site-cast concrete floor, providing a strong foundation.',$,(#52),$,'884513','slab on grade',.FLOOR.);
#49=IFCRELDEFINESBYTYPE('0KEb1WVHHEhQZ4xbbd6b2c',#1,$,$,(#53),#48);
#50=IFCPROPERTYSINGLEVALUE('FireRating',$,IFCLABEL('REI60'),$);
#51=IFCPROPERTYSINGLEVALUE('SurfaceSpreadOfFlame',$,IFCLABEL('A2 s1 d0'),$);
#52=IFCPROPERTYSET('0e$8R5fST3080JjRwmyWIc',#1,'Pset_SlabCommon',$,(#50,#51));
#53=IFCSLAB('3zR0BOEcLADRKln4HYporH',#1,'floor','A solid, site-cast concrete floor, providing a strong foundation.','slab on grade',#68,#80,'454425.1027891.979946.932083.920025',$);
#54=IFCPROPERTYSINGLEVALUE('IsExternal',$,IFCBOOLEAN(.T.),$);
#55=IFCPROPERTYSINGLEVALUE('LoadBearing',$,IFCBOOLEAN(.F.),$);
#56=IFCPROPERTYSINGLEVALUE('FireRating',$,IFCLABEL('REI30'),$);
#57=IFCPROPERTYSINGLEVALUE('AcousticRating',$,IFCLABEL('29dB Rw'),$);
#58=IFCPROPERTYSET('3Hgdv2Uen9c9mwtFqxRVZv',#1,'Pset_SlabCommon',$,(#54,#55,#56,#57));
#59=IFCRELDEFINESBYPROPERTIES('14hbWdknL14O8a2ydi1v1k',#1,$,$,(#53),#58);
#60=IFCRELASSOCIATESMATERIAL('0oKrXjQf58gwTDmoHg_xVx',#1,$,$,(#53),#61);
#61=IFCMATERIAL('concrete_reinforced_in-situ',$,$);
#62=IFCQUANTITYVOLUME('NetVolume',$,$,6.437500000000378,$);
#63=IFCQUANTITYLENGTH('Depth',$,$,250.,$);
#64=IFCQUANTITYAREA('NetArea',$,$,25.749999999991743,$);
#65=IFCELEMENTQUANTITY('0RKb$w9MP4zhtUpGwp1CMV',#1,'Qto_SlabBaseQuantities',$,'BaseQuantities',(#62,#63,#64));
#66=IFCRELDEFINESBYPROPERTIES('12_r2anT97wfalc$$ec1C6',#1,$,$,(#53),#65);
#67=IFCRELCONTAINEDINSPATIALSTRUCTURE('0CosOqG19ANu$QldZXwQk0',#1,$,$,(#53,#158,#182,#201,#220,#228),#45);
#68=IFCLOCALPLACEMENT(#47,#69);
#69=IFCAXIS2PLACEMENT3D(#70,#71,#72);
#70=IFCCARTESIANPOINT((200.,0.,-250.));
#71=IFCDIRECTION((0.,0.,1.));
#72=IFCDIRECTION((1.,0.,0.));
#73=IFCSHAPEREPRESENTATION(#12,'Body','Tessellation',(#74));
#74=IFCTRIANGULATEDFACESET(#75,((1.,0.,0.),(1.,0.,0.),(1.,0.,0.),(1.,0.,0.),(1.,1.4438228390645182E-14,1.6676995124830817E-30),(1.,1.4438228390645182E-14,1.6676995124830817E-30),(1.,1.4438228390645182E-14,1.6676995124830817E-30),(1.,1.4438228390645182E-14,1.6676995124830817E-30),(0.,1.,0.),(0.,1.,0.),(0.,1.,0.),(0.,1.,0.),(-1.,-4.3314685171941173E-14,1.4438228390645236E-14),(-1.,-4.3314685171941173E-14,1.4438228390645236E-14),(-1.,-4.3314685171941173E-14,1.4438228390645236E-14),(-1.,-4.3314685171941173E-14,1.4438228390645236E-14),(-6.582466335230141E-15,-7.279751132762222E-15,1.),(-6.582466335230141E-15,-7.279751132762222E-15,1.),(-6.582466335230141E-15,-7.279751132762222E-15,1.),(-6.582466335230141E-15,-7.279751132762222E-15,1.),(-6.582466335230141E-15,-7.279751132762222E-15,1.),(-6.582466335230141E-15,-7.279751132762222E-15,1.),(-6.582466335230141E-15,-7.279751132762222E-15,1.),(-6.582466335230141E-15,-7.279751132762222E-15,1.),(-6.582466335230141E-15,-7.279751132762222E-15,1.),(-6.582466335230141E-15,-7.279751132762222E-15,1.),(-6.582466335230141E-15,-7.279751132762222E-15,1.),(-6.582466335230141E-15,-7.279751132762222E-15,1.),(-6.582466335230141E-15,-7.279751132762222E-15,1.),(-6.582466335230141E-15,-7.279751132762222E-15,1.),(-6.582466335230141E-15,-7.279751132762222E-15,1.),(-6.582466335230141E-15,-7.279751132762222E-15,1.),(-6.582466335230141E-15,-7.279751132762222E-15,1.),(-6.582466335230141E-15,-7.279751132762222E-15,1.),(-6.582466335230141E-15,-7.279751132762222E-15,1.),(-6.582466335230141E-15,-7.279751132762222E-15,1.),(1.3109980515969059E-15,2.312296140406178E-15,-1.),(1.3109980515969059E-15,2.312296140406178E-15,-1.),(1.3109980515969059E-15,2.312296140406178E-15,-1.),(1.3109980515969059E-15,2.312296140406178E-15,-1.),(1.3109980515969059E-15,2.312296140406178E-15,-1.),(1.3109980515969059E-15,2.312296140406178E-15,-1.),(1.3109980515969059E-15,2.312296140406178E-15,-1.),(1.3109980515969059E-15,2.312296140406178E-15,-1.),(1.3109980515969059E-15,2.312296140406178E-15,-1.),(1.3109980515969059E-15,2.312296140406178E-15,-1.),(1.3109980515969059E-15,2.312296140406178E-15,-1.),(1.3109980515969059E-15,2.312296140406178E-15,-1.),(1.3109980515969059E-15,2.312296140406178E-15,-1.),(1.3109980515969059E-15,2.312296140406178E-15,-1.),(1.3109980515969059E-15,2.312296140406178E-15,-1.),(1.3109980515969059E-15,2.312296140406178E-15,-1.),(1.3109980515969059E-15,2.312296140406178E-15,-1.),(1.3109980515969059E-15,2.312296140406178E-15,-1.),(1.3109980515969059E-15,2.312296140406178E-15,-1.),(1.3109980515969059E-15,2.312296140406178E-15,-1.),(0.,1.,0.),(0.,1.,0.),(0.,1.,0.),(0.,1.,0.),(-1.,0.,0.),(-1.,0.,0.),(-1.,0.,0.),(-1.,0.,0.),(-2.8876456781290365E-14,-1.,0.),(-2.8876456781290365E-14,-1.,0.),(-2.8876456781290365E-14,-1.,0.),(-2.8876456781290365E-14,-1.,0.),(0.,-1.,0.),(0.,-1.,0.),(0.,-1.,0.),(0.,-1.,0.),(1.,-3.6095570976604614E-14,2.165734258596785E-14),(1.,-3.6095570976604614E-14,2.165734258596785E-14),(1.,-3.6095570976604614E-14,2.165734258596785E-14),(1.,-3.6095570976604614E-14,2.165734258596785E-14),(-2.8876456781290365E-14,1.,7.817341464779903E-31),(-2.8876456781290365E-14,1.,7.817341464779903E-31),(-2.8876456781290365E-14,1.,7.817341464779903E-31),(-2.8876456781290365E-14,1.,7.817341464779903E-31),(0.,-1.,0.),(0.,-1.,0.),(0.,-1.,0.),(0.,-1.,0.),(-1.,0.,0.),(-1.,0.,0.),(-1.,0.,0.),(-1.,0.,0.),(-1.,-2.2797202722070943E-14,1.4438228390645252E-14),(-1.,-2.2797202722070943E-14,1.4438228390645252E-14),(-1.,-2.2797202722070943E-14,1.4438228390645252E-14),(-1.,-2.2797202722070943E-14,1.4438228390645252E-14),(2.279720272207095E-14,-1.,-6.583024391381991E-28),(2.279720272207095E-14,-1.,-6.583024391381991E-28),(2.279720272207095E-14,-1.,-6.583024391381991E-28),(2.279720272207095E-14,-1.,-6.583024391381991E-28),(1.,2.776582382816472E-14,1.4438228390639414E-14),(1.,2.776582382816472E-14,1.4438228390639414E-14),(1.,2.776582382816472E-14,1.4438228390639414E-14),(1.,2.776582382816472E-14,1.4438228390639414E-14),(2.6976689887784024E-14,-1.,1.1684868294703061E-27),(2.6976689887784024E-14,-1.,1.1684868294703061E-27),(2.6976689887784024E-14,-1.,1.1684868294703061E-27),(2.6976689887784024E-14,-1.,1.1684868294703061E-27),(1.,4.9811887947712626E-14,1.985256403713723E-14),(1.,4.9811887947712626E-14,1.985256403713723E-14),(1.,4.9811887947712626E-14,1.985256403713723E-14),(1.,4.9811887947712626E-14,1.985256403713723E-14),(1.,5.672161153467751E-15,1.9852564037129188E-14),(1.,5.672161153467751E-15,1.9852564037129188E-14),(1.,5.672161153467751E-15,1.9852564037129188E-14),(1.,5.672161153467751E-15,1.9852564037129188E-14),(5.672161153467751E-15,-1.,2.252138850562702E-28),(5.672161153467751E-15,-1.,2.252138850562702E-28),(5.672161153467751E-15,-1.,2.252138850562702E-28),(5.672161153467751E-15,-1.,2.252138850562702E-28),(-5.672161153467751E-15,1.,0.),(-5.672161153467751E-15,1.,0.),(-5.672161153467751E-15,1.,0.),(-5.672161153467751E-15,1.,0.)),$,((1,2,3),(2,1,4),(5,6,7),(6,5,8),(9,10,11),(10,9,12),(13,14,15),(14,13,16),(17,18,19),(18,17,20),(20,17,21),(21,17,22),(21,22,23),(23,22,24),(25,26,27),(26,25,28),(26,28,29),(30,27,31),(27,30,32),(27,32,33),(27,33,20),(27,20,25),(25,20,21),(31,27,34),(18,35,36),(35,18,20),(37,38,39),(38,37,40),(39,38,41),(41,38,42),(42,38,43),(42,43,44),(38,40,45),(43,46,47),(46,43,38),(47,46,48),(49,50,44),(50,49,51),(42,52,53),(52,42,54),(54,42,55),(55,42,56),(56,42,44),(56,44,50),(57,58,59),(58,57,60),(61,62,63),(62,61,64),(65,66,67),(66,65,68),(69,70,71),(70,69,72),(73,74,75),(74,73,76),(77,78,79),(78,77,80),(81,82,83),(82,81,84),(85,86,87),(86,85,88),(89,90,91),(90,89,92),(93,94,95),(94,93,96),(97,98,99),(98,97,100),(101,102,103),(102,101,104),(105,106,107),(106,105,108),(109,110,111),(110,109,112),(113,114,115),(114,113,116),(117,118,119),(118,117,120)),$);
#75=IFCCARTESIANPOINTLIST3D(((2400.,0.,0.),(2400.,200.,250.),(2400.,0.,250.),(2400.,200.,0.),(3800.,200.,0.),(3800.,1800.,250.),(3800.,200.,250.),(3800.,1800.,0.),(2400.,1800.,0.),(3800.,1800.,250.),(3800.,1800.,0.),(2400.,1800.,250.),(1400.,2000.,250.),(1400.,1800.,0.),(1400.,1800.,250.),(1400.,2000.,0.),(2400.,0.,250.),(1400.,200.,250.),(1400.,0.,250.),(1400.,1800.,250.),(2400.,1800.,250.),(2400.,200.,250.),(3800.,1800.,250.),(3800.,200.,250.),(2400.,2000.,250.),(4500.,4600.,250.),(4500.,5300.,250.),(5200.,2000.,250.),(5200.,4600.,250.),(0.,5800.,250.),(5200.,5800.,250.),(0.,2000.,250.),(1400.,2000.,250.),(5200.,5300.,250.),(0.,1800.,250.),(0.,200.,250.),(0.,5800.,0.),(4500.,5300.,0.),(0.,2000.,0.),(5200.,5800.,0.),(1400.,2000.,0.),(1400.,1800.,0.),(2400.,2000.,0.),(2400.,1800.,0.),(5200.,5300.,0.),(4500.,4600.,0.),(5200.,2000.,0.),(5200.,4600.,0.),(3800.,1800.,0.),(2400.,200.,0.),(3800.,200.,0.),(0.,200.,0.),(0.,1800.,0.),(1400.,200.,0.),(1400.,0.,0.),(2400.,0.,0.),(0.,1800.,250.),(1400.,1800.,0.),(0.,1800.,0.),(1400.,1800.,250.),(0.,1800.,250.),(0.,200.,0.),(0.,200.,250.),(0.,1800.,0.),(1400.,200.,250.),(0.,200.,0.),(1400.,200.,0.),(0.,200.,250.),(3800.,200.,250.),(2400.,200.,0.),(3800.,200.,0.),(2400.,200.,250.),(2400.,1800.,0.),(2400.,2000.,250.),(2400.,1800.,250.),(2400.,2000.,0.),(0.,5800.,250.),(5200.,5800.,0.),(0.,5800.,0.),(5200.,5800.,250.),(2400.,0.,250.),(1400.,0.,0.),(2400.,0.,0.),(1400.,0.,250.),(1400.,200.,250.),(1400.,0.,0.),(1400.,0.,250.),(1400.,200.,0.),(0.,5800.,250.),(0.,2000.,0.),(0.,2000.,250.),(0.,5800.,0.),(1400.,2000.,250.),(0.,2000.,0.),(1400.,2000.,0.),(0.,2000.,250.),(5200.,2000.,0.),(5200.,4600.,250.),(5200.,2000.,250.),(5200.,4600.,0.),(5200.,2000.,0.),(2400.,2000.,250.),(2400.,2000.,0.),(5200.,2000.,250.),(5200.,5300.,0.),(5200.,5800.,250.),(5200.,5300.,250.),(5200.,5800.,0.),(4500.,4600.,0.),(4500.,5300.,250.),(4500.,4600.,250.),(4500.,5300.,0.),(5200.,5300.,0.),(4500.,5300.,250.),(4500.,5300.,0.),(5200.,5300.,250.),(4500.,4600.,250.),(5200.,4600.,0.),(4500.,4600.,0.),(5200.,4600.,250.)));
#76=IFCSTYLEDITEM(#74,(#79),$);
#77=IFCSURFACESTYLERENDERING(#78,0.,$,$,$,$,$,$,.NOTDEFINED.);
#78=IFCCOLOURRGB($,0.5764705882352941,0.5764705882352941,0.5764705882352941);
#79=IFCSURFACESTYLE('concrete_reinforced_in-situ',.BOTH.,(#77));
#80=IFCPRODUCTDEFINITIONSHAPE($,$,(#73));
#81=IFCZONE('2Cv3e8z_D5hxYOcR$bfTHG',#1,'house - living space','A cozy living space, perfect for relaxation and gatherings.','living space',$);
#82=IFCRELASSIGNSTOGROUP('2IogD410vFThSQLGfMqZwJ',#1,$,$,(#85,#135),$,#81);
#83=IFCSPACETYPE('1hq0sM3Q5Cq9DOc93a74pc',#1,'house - living room','A cozy space, perfect for relaxation and family gatherings.',$,$,$,'883849','living area',.NOTDEFINED.,'living room');
#84=IFCRELDEFINESBYTYPE('1DDWFfD5f3YQgIl2Q_QABN',#1,$,$,(#85),#83);
#85=IFCSPACE('0xY$LvXaDEswJDk_VU74C_',#1,'living room','A cozy space, perfect for relaxation and family gatherings.','living area',#87,#113,'living room',.ELEMENT.,$,0.);
#86=IFCRELAGGREGATES('0ClUFmS8r57vn0JGAOxcen',#1,'00 groundfloor container',$,#45,(#85,#135));
#87=IFCLOCALPLACEMENT(#47,#88);
#88=IFCAXIS2PLACEMENT3D(#89,#90,#91);
#89=IFCCARTESIANPOINT((200.,2000.,0.));
#90=IFCDIRECTION((0.,0.,1.));
#91=IFCDIRECTION((1.,0.,0.));
#92=IFCSHAPEREPRESENTATION(#12,'Body','SweptSolid',(#93));
#93=IFCEXTRUDEDAREASOLID(#107,#94,#108,2200.);
#94=IFCAXIS2PLACEMENT3D(#95,#96,#97);
#95=IFCCARTESIANPOINT((0.,0.,0.));
#96=IFCDIRECTION((0.,0.,1.));
#97=IFCDIRECTION((1.,0.,0.));
#98=IFCCARTESIANPOINT((4950.,2600.));
#99=IFCCARTESIANPOINT((4950.,0.));
#100=IFCCARTESIANPOINT((0.,0.));
#101=IFCCARTESIANPOINT((0.,3800.));
#102=IFCCARTESIANPOINT((4950.,3800.));
#103=IFCCARTESIANPOINT((4950.,3300.));
#104=IFCCARTESIANPOINT((4500.,3300.));
#105=IFCCARTESIANPOINT((4500.,2600.));
#106=IFCPOLYLINE((#98,#99,#100,#101,#102,#103,#104,#105));
#107=IFCARBITRARYCLOSEDPROFILEDEF(.AREA.,$,#106);
#108=IFCDIRECTION((-1.8375927042639037E-14,-3.265008465611757E-14,1.));
#109=IFCSTYLEDITEM(#93,(#112),$);
#110=IFCSURFACESTYLERENDERING(#111,0.8509803921568627,$,$,$,$,$,$,.NOTDEFINED.);
#111=IFCCOLOURRGB($,0.,0.5686274509803921,0.788235294117647);
#112=IFCSURFACESTYLE('virtual_space',.BOTH.,(#110));
#113=IFCPRODUCTDEFINITIONSHAPE($,$,(#92));
#114=IFCFURNITURETYPE('38qaFzdvb6KwnqDJqzAlhG',#1,'house - kitchen','The heart of the home, where meals are prepared and shared.',$,$,$,'883722','kitchen',.NOTDEFINED.,.USERDEFINED.);
#115=IFCRELDEFINESBYTYPE('3y6FA_02H2c8vSY8Ak$Hnw',#1,$,$,(#116),#114);
#116=IFCFURNITURE('2e9pghUJbBqR4jTInsONQT',#1,'kitchen','The heart of the home, where meals are prepared and shared.','kitchen',#120,#132,'454425.1027891.979946.932083.920029.919427.2003222',$);
#117=IFCRELASSOCIATESMATERIAL('0MEUM3gDb4HQJkmZ0$VlbL',#1,$,$,(#116),#118);
#118=IFCMATERIAL('wood_mdf_plate',$,$);
#119=IFCRELCONTAINEDINSPATIALSTRUCTURE('3z$e2mo3b2Jx3VO96mGuwz',#1,$,$,(#116),#85);
#120=IFCLOCALPLACEMENT(#87,#121);
#121=IFCAXIS2PLACEMENT3D(#122,#123,#124);
#122=IFCCARTESIANPOINT((4950.,2100.,0.));
#123=IFCDIRECTION((9.419047450321992E-31,5.661703895142863E-16,1.));
#124=IFCDIRECTION((-1.5394380663318816E-15,-1.,5.661703895142863E-16));
#125=IFCSHAPEREPRESENTATION(#12,'Body','Tessellation',(#126));
#126=IFCTRIANGULATEDFACESET(#127,((0.,-1.,0.),(0.,-1.,0.),(0.,-1.,0.),(0.,-1.,0.),(-1.0655696088478225E-31,1.,5.084573426255802E-16),(-1.0655696088478225E-31,1.,5.084573426255802E-16),(-1.0655696088478225E-31,1.,5.084573426255802E-16),(-1.0655696088478225E-31,1.,5.084573426255802E-16),(6.015928496102198E-16,-4.511946372076653E-16,1.),(6.015928496102198E-16,-4.511946372076653E-16,1.),(6.015928496102198E-16,-4.511946372076653E-16,1.),(6.015928496102198E-16,-4.511946372076653E-16,1.),(-1.,9.844246629985229E-18,1.5927486214155687E-16),(-1.,9.844246629985229E-18,1.5927486214155687E-16),(-1.,9.844246629985229E-18,1.5927486214155687E-16),(-1.,9.844246629985229E-18,1.5927486214155687E-16),(-1.,9.844246629985229E-18,1.5927486214155687E-16),(-1.,9.844246629985229E-18,1.5927486214155687E-16),(0.,-1.,0.),(0.,-1.,0.),(0.,-1.,0.),(0.,-1.,0.),(-2.04514423628243E-16,5.084573426255802E-16,-1.),(-2.04514423628243E-16,5.084573426255802E-16,-1.),(-2.04514423628243E-16,5.084573426255802E-16,-1.),(-2.04514423628243E-16,5.084573426255802E-16,-1.),(-1.,0.,0.),(-1.,0.,0.),(-1.,0.,0.),(-1.,0.,0.),(1.,0.,0.),(1.,0.,0.),(1.,0.,0.),(1.,0.,0.),(5.075939668586115E-16,-4.511946372076642E-16,1.),(5.075939668586115E-16,-4.511946372076642E-16,1.),(5.075939668586115E-16,-4.511946372076642E-16,1.),(5.075939668586115E-16,-4.511946372076642E-16,1.),(5.075939668586115E-16,-4.511946372076642E-16,1.),(5.075939668586115E-16,-4.511946372076642E-16,1.),(5.075939668586115E-16,-4.511946372076642E-16,1.),(5.075939668586115E-16,-4.511946372076642E-16,1.),(-2.620319776633075E-31,-1.,-6.36980664293172E-16),(-2.620319776633075E-31,-1.,-6.36980664293172E-16),(-2.620319776633075E-31,-1.,-6.36980664293172E-16),(-2.620319776633075E-31,-1.,-6.36980664293172E-16),(0.,1.,0.),(0.,1.,0.),(0.,1.,0.),(0.,1.,0.),(1.,-9.844246629985771E-18,-1.5927486214155687E-16),(1.,-9.844246629985771E-18,-1.5927486214155687E-16),(1.,-9.844246629985771E-18,-1.5927486214155687E-16),(1.,-9.844246629985771E-18,-1.5927486214155687E-16),(1.,-9.844246629985771E-18,-1.5927486214155687E-16),(1.,-9.844246629985771E-18,-1.5927486214155687E-16),(-1.14975752306623E-16,6.369806642931719E-16,-1.),(-1.14975752306623E-16,6.369806642931719E-16,-1.),(-1.14975752306623E-16,6.369806642931719E-16,-1.),(-1.14975752306623E-16,6.369806642931719E-16,-1.)),$,((1,2,3),(2,1,4),(5,6,7),(6,5,8),(9,10,11),(10,9,12),(13,14,15),(14,13,16),(16,13,17),(17,13,18),(19,20,21),(20,19,22),(23,24,25),(24,23,26),(27,28,29),(28,27,30),(31,32,33),(32,31,34),(35,36,37),(36,35,38),(36,38,39),(39,38,40),(37,41,42),(41,37,36),(42,41,40),(42,40,38),(43,44,45),(44,43,46),(47,48,49),(48,47,50),(51,52,53),(52,51,54),(54,51,55),(54,55,56),(57,58,59),(58,57,60)),$);
#127=IFCCARTESIANPOINTLIST3D(((725.,-150.,900.),(275.,-150.,700.),(725.,-150.,700.),(275.,-150.,900.),(0.,0.,900.),(1600.,0.,0.),(0.,0.,0.),(1600.,0.,900.),(725.,-550.,700.),(275.,-150.,700.),(275.,-550.,700.),(725.,-150.,700.),(0.,0.,900.),(0.,-600.,850.),(0.,-600.,900.),(0.,-580.,850.),(0.,-580.,0.),(0.,0.,0.),(1600.,-600.,900.),(0.,-600.,850.),(1600.,-600.,850.),(0.,-600.,900.),(1600.,0.,0.),(0.,-580.,0.),(0.,0.,0.),(1600.,-580.,0.),(725.,-150.,900.),(725.,-550.,700.),(725.,-550.,900.),(725.,-150.,700.),(275.,-150.,700.),(275.,-550.,900.),(275.,-550.,700.),(275.,-150.,900.),(0.,-600.,900.),(275.,-550.,900.),(0.,0.,900.),(1600.,-600.,900.),(725.,-550.,900.),(725.,-150.,900.),(275.,-150.,900.),(1600.,0.,900.),(1600.,-580.,850.),(0.,-580.,0.),(1600.,-580.,0.),(0.,-580.,850.),(275.,-550.,700.),(725.,-550.,900.),(725.,-550.,700.),(275.,-550.,900.),(1600.,-580.,850.),(1600.,-600.,900.),(1600.,-600.,850.),(1600.,0.,900.),(1600.,-580.,0.),(1600.,0.,0.),(1600.,-580.,850.),(0.,-600.,850.),(0.,-580.,850.),(1600.,-600.,850.)));
#128=IFCSTYLEDITEM(#126,(#131),$);
#129=IFCSURFACESTYLERENDERING(#130,0.,$,$,$,$,$,$,.NOTDEFINED.);
#130=IFCCOLOURRGB($,1.,1.,1.);
#131=IFCSURFACESTYLE('wood_mdf_plate',.BOTH.,(#129));
#132=IFCPRODUCTDEFINITIONSHAPE($,$,(#125));
#133=IFCSPACETYPE('30wkH7SyH7gvhogulgnDi9',#1,'house - entry hall','A welcoming entry hall, the first impression of the home.',$,$,$,'884735','hallway',.NOTDEFINED.,'entry hall');
#134=IFCRELDEFINESBYTYPE('1F9yKAe29AmeFH3cbwlo3g',#1,$,$,(#135),#133);
#135=IFCSPACE('18QhMtUIXBvQktPHXXxs7H',#1,'entry hall','A welcoming entry hall, the first impression of the home.','hallway',#136,#155,'entry hall',.ELEMENT.,$,0.);
#136=IFCLOCALPLACEMENT(#47,#137);
#137=IFCAXIS2PLACEMENT3D(#138,#139,#140);
#138=IFCCARTESIANPOINT((200.,200.,0.));
#139=IFCDIRECTION((0.,0.,1.));
#140=IFCDIRECTION((1.,0.,0.));
#141=IFCSHAPEREPRESENTATION(#12,'Body','SweptSolid',(#142));
#142=IFCEXTRUDEDAREASOLID(#152,#143,#153,2200.);
#143=IFCAXIS2PLACEMENT3D(#144,#145,#146);
#144=IFCCARTESIANPOINT((0.,0.,0.));
#145=IFCDIRECTION((0.,0.,1.));
#146=IFCDIRECTION((1.,0.,0.));
#147=IFCCARTESIANPOINT((3800.,1600.));
#148=IFCCARTESIANPOINT((3800.,0.));
#149=IFCCARTESIANPOINT((0.,0.));
#150=IFCCARTESIANPOINT((0.,1600.));
#151=IFCPOLYLINE((#147,#148,#149,#150));
#152=IFCARBITRARYCLOSEDPROFILEDEF(.AREA.,$,#151);
#153=IFCDIRECTION((-6.070618755157653E-15,-1.8375927042639384E-14,1.));
#154=IFCSTYLEDITEM(#142,(#112),$);
#155=IFCPRODUCTDEFINITIONSHAPE($,$,(#141));
#156=IFCWALLTYPE('2YJwrhcCv9v8UXU8cWK40m',#1,'house - outer wall - house right front','A solid outer wall, forming the right front side of the house.',$,$,$,'919456','solidwall',.SOLIDWALL.);
#157=IFCRELDEFINESBYTYPE('1f7McSpvb6CvSSdrUtEsXW',#1,$,$,(#158),#156);
#158=IFCWALL('1AQAupaRP1txwK1AGiN61V',#1,'house - outer wall - house right front','A solid outer wall, forming the right front side of the house.','solidwall',#167,#179,'454425.1027891.979946.932083.920023',$);
#159=IFCRELASSOCIATESMATERIAL('0sAYN8OJzFKu1rNoJBdSki',#1,$,$,(#158,#182,#201,#220),#160);
#160=IFCMATERIAL('stone_sand-lime',$,$);
#161=IFCQUANTITYVOLUME('NetVolume',$,$,1.2692649352635803,$);
#162=IFCQUANTITYLENGTH('Width',$,$,200.,$);
#163=IFCQUANTITYLENGTH('Length',$,$,1800.,$);
#164=IFCQUANTITYAREA('NetSideArea',$,$,6.346324676317878,$);
#165=IFCELEMENTQUANTITY('1cYk37bPjCD8QG89AnsgQx',#1,'Qto_WallBaseQuantities',$,'BaseQuantities',(#161,#162,#163,#164));
#166=IFCRELDEFINESBYPROPERTIES('1l9TegbnXAEhTJu9szsXnn',#1,$,$,(#158),#165);
#167=IFCLOCALPLACEMENT(#47,#168);
#168=IFCAXIS2PLACEMENT3D(#169,#170,#171);
#169=IFCCARTESIANPOINT((4100.,1800.,0.));
#170=IFCDIRECTION((3.668379928205197E-30,3.2836943041225645E-15,1.));
#171=IFCDIRECTION((2.5272447978365648E-14,-1.,3.2836943041225645E-15));
#172=IFCSHAPEREPRESENTATION(#12,'Body','Tessellation',(#173));
#173=IFCTRIANGULATEDFACESET(#174,((2.901690647380091E-15,1.,1.710410232493741E-28),(2.901690647380091E-15,1.,1.710410232493741E-28),(2.901690647380091E-15,1.,1.710410232493741E-28),(2.901690647380091E-15,1.,1.710410232493741E-28),(-1.788135260267481E-14,-1.,-1.692414224950039E-15),(-1.788135260267481E-14,-1.,-1.692414224950039E-15),(-1.788135260267481E-14,-1.,-1.692414224950039E-15),(-1.788135260267481E-14,-1.,-1.692414224950039E-15),(-1.,-1.4339146622680647E-15,2.935647164503433E-15),(-1.,-1.4339146622680647E-15,2.935647164503433E-15),(-1.,-1.4339146622680647E-15,2.935647164503433E-15),(-1.,-1.4339146622680647E-15,2.935647164503433E-15),(-2.426424493428051E-15,-7.444711513925238E-15,-1.),(-2.426424493428051E-15,-7.444711513925238E-15,-1.),(-2.426424493428051E-15,-7.444711513925238E-15,-1.),(-2.426424493428051E-15,-7.444711513925238E-15,-1.),(9.096198985579167E-15,0.7071067811865641,0.707106781186531),(9.096198985579167E-15,0.7071067811865641,0.707106781186531),(9.096198985579167E-15,0.7071067811865641,0.707106781186531),(9.096198985579167E-15,0.7071067811865641,0.707106781186531),(1.,-7.699392002162405E-14,-1.1467303705476875E-14),(1.,-7.699392002162405E-14,-1.1467303705476875E-14),(1.,-7.699392002162405E-14,-1.1467303705476875E-14),(1.,-7.699392002162405E-14,-1.1467303705476875E-14)),$,((1,2,3),(2,1,4),(5,6,7),(6,5,8),(9,10,11),(10,9,12),(13,14,15),(14,13,16),(17,18,19),(18,17,20),(21,22,23),(22,21,24)),$);
#174=IFCCARTESIANPOINTLIST3D(((0.,100.,3175.736),(1800.,100.,-250.),(0.,100.,-250.),(1800.,100.,3175.736),(1800.,-100.,3375.736),(0.,-100.,-250.),(1800.,-100.,-250.),(0.,-100.,3375.736),(0.,100.,3175.736),(0.,-100.,-250.),(0.,-100.,3375.736),(0.,100.,-250.),(1800.,100.,-250.),(0.,-100.,-250.),(0.,100.,-250.),(1800.,-100.,-250.),(0.,100.,3175.736),(1800.,-100.,3375.736),(1800.,100.,3175.736),(0.,-100.,3375.736),(1800.,100.,-250.),(1800.,-100.,3375.736),(1800.,-100.,-250.),(1800.,100.,3175.736)));
#175=IFCSTYLEDITEM(#173,(#178),$);
#176=IFCSURFACESTYLERENDERING(#177,0.,$,$,$,$,$,$,.NOTDEFINED.);
#177=IFCCOLOURRGB($,1.,1.,1.);
#178=IFCSURFACESTYLE('stone_sand-lime',.BOTH.,(#176));
#179=IFCPRODUCTDEFINITIONSHAPE($,$,(#172));
#180=IFCWALLTYPE('1t790TYSH528FFF32MjoC5',#1,'house - outer wall - house right back','A solid outer wall, forming the right back side of the house.',$,$,$,'919483','solidwall',.SOLIDWALL.);
#181=IFCRELDEFINESBYTYPE('2SJ_E$q6PEh9TvfPUzQl1P',#1,$,$,(#182),#180);
#182=IFCWALL('3wdauVJT5Fx9drrREiDqA$',#1,'house - outer wall - house right back','A solid outer wall, forming the right back side of the house.','solidwall',#189,#198,'454425.1027891.979946.932083.920031',$);
#183=IFCQUANTITYVOLUME('NetVolume',$,$,1.7856181822821589,$);
#184=IFCQUANTITYLENGTH('Width',$,$,200.,$);
#185=IFCQUANTITYLENGTH('Length',$,$,4200.,$);
#186=IFCQUANTITYAREA('NetSideArea',$,$,8.928090911402803,$);
#187=IFCELEMENTQUANTITY('0Xm2p01pTE$hQsey2OCutc',#1,'Qto_WallBaseQuantities',$,'BaseQuantities',(#183,#184,#185,#186));
#188=IFCRELDEFINESBYPROPERTIES('1GWm2rAKz9yf8pJztXxRWD',#1,$,$,(#182),#187);
#189=IFCLOCALPLACEMENT(#47,#190);
#190=IFCAXIS2PLACEMENT3D(#191,#192,#193);
#191=IFCCARTESIANPOINT((5500.,6000.,0.));
#192=IFCDIRECTION((0.,0.,1.));
#193=IFCDIRECTION((-1.1508600077130768E-15,-1.,0.));
#194=IFCSHAPEREPRESENTATION(#12,'Body','Tessellation',(#195));
#195=IFCTRIANGULATEDFACESET(#196,((1.6396876888030376E-14,1.,-3.4711918617005405E-14),(1.6396876888030376E-14,1.,-3.4711918617005405E-14),(1.6396876888030376E-14,1.,-3.4711918617005405E-14),(1.6396876888030376E-14,1.,-3.4711918617005405E-14),(1.,-9.381429217476083E-14,-1.204941409899768E-14),(1.,-9.381429217476083E-14,-1.204941409899768E-14),(1.,-9.381429217476083E-14,-1.204941409899768E-14),(1.,-9.381429217476083E-14,-1.204941409899768E-14),(-1.607586710054824E-14,-1.,-2.7569519724980073E-15),(-1.607586710054824E-14,-1.,-2.7569519724980073E-15),(-1.607586710054824E-14,-1.,-2.7569519724980073E-15),(-1.607586710054824E-14,-1.,-2.7569519724980073E-15),(-3.86738260464141E-16,-7.963585346715922E-14,-1.),(-3.86738260464141E-16,-7.963585346715922E-14,-1.),(-3.86738260464141E-16,-7.963585346715922E-14,-1.),(-3.86738260464141E-16,-7.963585346715922E-14,-1.),(-1.,-4.636441185466661E-14,1.3237459657637147E-14),(-1.,-4.636441185466661E-14,1.3237459657637147E-14),(-1.,-4.636441185466661E-14,1.3237459657637147E-14),(-1.,-4.636441185466661E-14,1.3237459657637147E-14),(1.0151536835666373E-14,0.7071067811865099,0.7071067811865852),(1.0151536835666373E-14,0.7071067811865099,0.7071067811865852),(1.0151536835666373E-14,0.7071067811865099,0.7071067811865852),(1.0151536835666373E-14,0.7071067811865099,0.7071067811865852)),$,((1,2,3),(2,1,4),(5,6,7),(6,5,8),(9,10,11),(10,9,12),(13,14,15),(14,13,16),(17,18,19),(18,17,20),(21,22,23),(22,21,24)),$);
#196=IFCCARTESIANPOINTLIST3D(((0.,100.,1775.736),(4200.,100.,-250.),(0.,100.,-250.),(4200.,100.,1775.736),(4200.,-100.,-250.),(4200.,100.,1775.736),(4200.,-100.,1975.736),(4200.,100.,-250.),(4200.,-100.,1975.736),(0.,-100.,-250.),(4200.,-100.,-250.),(0.,-100.,1975.736),(4200.,100.,-250.),(0.,-100.,-250.),(0.,100.,-250.),(4200.,-100.,-250.),(0.,-100.,1975.736),(0.,100.,-250.),(0.,-100.,-250.),(0.,100.,1775.736),(4200.,-100.,1975.736),(0.,100.,1775.736),(0.,-100.,1975.736),(4200.,100.,1775.736)));
#197=IFCSTYLEDITEM(#195,(#178),$);
#198=IFCPRODUCTDEFINITIONSHAPE($,$,(#194));
#199=IFCWALLTYPE('3zoiwePjTDQAyswDZcvJRA',#1,'house - outer wall - house left','A solid outer wall, forming the left side of the house.',$,$,$,'919429','solidwall',.SOLIDWALL.);
#200=IFCRELDEFINESBYTYPE('3EfLxcz4z2gvxxH9$AIOIS',#1,$,$,(#201),#199);
#201=IFCWALL('0OfZwWc8j9QP5uX8xPTxDH',#1,'house - outer wall - house left','A solid outer wall, forming the left side of the house.','solidwall',#208,#217,'454425.1027891.979946.932083.920032',$);
#202=IFCQUANTITYVOLUME('NetVolume',$,$,4.230883117545889,$);
#203=IFCQUANTITYLENGTH('Width',$,$,200.,$);
#204=IFCQUANTITYLENGTH('Length',$,$,6000.,$);
#205=IFCQUANTITYAREA('NetSideArea',$,$,21.154415587728412,$);
#206=IFCELEMENTQUANTITY('3j9EEnVPHDIBkUdsJxWtnf',#1,'Qto_WallBaseQuantities',$,'BaseQuantities',(#202,#203,#204,#205));
#207=IFCRELDEFINESBYPROPERTIES('144Ocp7RjAce1GnVbjfApT',#1,$,$,(#201),#206);
#208=IFCLOCALPLACEMENT(#47,#209);
#209=IFCAXIS2PLACEMENT3D(#210,#211,#212);
#210=IFCCARTESIANPOINT((100.,0.,0.));
#211=IFCDIRECTION((0.,0.,1.));
#212=IFCDIRECTION((1.3173934614068503E-15,1.,0.));
#213=IFCSHAPEREPRESENTATION(#12,'Body','Tessellation',(#214));
#214=IFCTRIANGULATEDFACESET(#215,((-1.263727097537922E-16,-1.,-5.911005565083681E-17),(-1.263727097537922E-16,-1.,-5.911005565083681E-17),(-1.263727097537922E-16,-1.,-5.911005565083681E-17),(-1.263727097537922E-16,-1.,-5.911005565083681E-17),(1.,-1.281325403525711E-13,5.669752214634743E-15),(1.,-1.281325403525711E-13,5.669752214634743E-15),(1.,-1.281325403525711E-13,5.669752214634743E-15),(1.,-1.281325403525711E-13,5.669752214634743E-15),(-3.207528982684935E-19,1.,0.),(-3.207528982684935E-19,1.,0.),(-3.207528982684935E-19,1.,0.),(-3.207528982684935E-19,1.,0.),(4.323948606573438E-16,5.639932965095277E-16,-1.),(4.323948606573438E-16,5.639932965095277E-16,-1.),(4.323948606573438E-16,5.639932965095277E-16,-1.),(4.323948606573438E-16,5.639932965095277E-16,-1.),(-1.67434285815245E-16,0.707106781186529,0.7071067811865661),(-1.67434285815245E-16,0.707106781186529,0.7071067811865661),(-1.67434285815245E-16,0.707106781186529,0.7071067811865661),(-1.67434285815245E-16,0.707106781186529,0.7071067811865661),(-1.,-9.89999786954311E-14,-8.159119420421115E-15),(-1.,-9.89999786954311E-14,-8.159119420421115E-15),(-1.,-9.89999786954311E-14,-8.159119420421115E-15),(-1.,-9.89999786954311E-14,-8.159119420421115E-15)),$,((1,2,3),(2,1,4),(5,6,7),(6,5,8),(9,10,11),(10,9,12),(13,14,15),(14,13,16),(17,18,19),(18,17,20),(21,22,23),(22,21,24)),$);
#215=IFCCARTESIANPOINTLIST3D(((6000.,-100.,-250.),(0.,-100.,3375.736),(0.,-100.,-250.),(6000.,-100.,3375.736),(6000.,-100.,-250.),(6000.,100.,3175.736),(6000.,-100.,3375.736),(6000.,100.,-250.),(0.,100.,3175.736),(6000.,100.,-250.),(0.,100.,-250.),(6000.,100.,3175.736),(6000.,100.,-250.),(0.,-100.,-250.),(0.,100.,-250.),(6000.,-100.,-250.),(0.,-100.,3375.736),(6000.,100.,3175.736),(0.,100.,3175.736),(6000.,-100.,3375.736),(0.,100.,3175.736),(0.,-100.,-250.),(0.,-100.,3375.736),(0.,100.,-250.)));
#216=IFCSTYLEDITEM(#214,(#178),$);
#217=IFCPRODUCTDEFINITIONSHAPE($,$,(#213));
#218=IFCCHIMNEYTYPE('2vWR$XNSf2qhsAEJMXcZLU',#1,'house - chimney','A chimney, standing tall and proud, guiding smoke away from the home.',$,$,$,'884350','flue',.USERDEFINED.);
#219=IFCRELDEFINESBYTYPE('22pEICzjP0uQNvM7rXMZ6g',#1,$,$,(#220),#218);
#220=IFCCHIMNEY('3Fbgsvr8nAYfGs9y5keub0',#1,'house - chimney','A chimney, standing tall and proud, guiding smoke away from the home.','flue',#221,$,'454425.1027891.979946.932083.2023772',$);
#221=IFCLOCALPLACEMENT(#47,#222);
#222=IFCAXIS2PLACEMENT3D(#223,#224,#225);
#223=IFCCARTESIANPOINT((4700.,5300.,0.));
#224=IFCDIRECTION((0.,0.,1.));
#225=IFCDIRECTION((-1.3173934614068503E-15,-1.,0.));
#226=IFCWALLTYPE('2S9_r4C7nDjgFt_4z9uegR',#1,'plumbing wall','A wall designed to house and protect plumbing systems, keeping the pipes snug and secure.',$,$,$,'880192','plumbingwall',.PLUMBINGWALL.);
#227=IFCRELDEFINESBYTYPE('2zGea7oBbB_PNczYvvtC0B',#1,$,$,(#228),#226);
#228=IFCWALL('0Q5LjisRjDwhFSOc_WQjlF',#1,'plumbing wall','A wall designed to house and protect plumbing systems, keeping the pipes snug and secure.','plumbingwall',#237,#249,'454425.1027891.979946.932083.2037918.920027',$);
#229=IFCRELASSOCIATESMATERIAL('1eEeFE5_HCcQXkHLD$AhF4',#1,$,$,(#228),#230);
#230=IFCMATERIAL('gypsum_fiber-board_panel',$,$);
#231=IFCQUANTITYVOLUME('NetVolume',$,$,0.1647019532880213,$);
#232=IFCQUANTITYLENGTH('Width',$,$,24.,$);
#233=IFCQUANTITYLENGTH('Length',$,$,3800.,$);
#234=IFCQUANTITYAREA('NetSideArea',$,$,6.862581386977265,$);
#235=IFCELEMENTQUANTITY('1nSBkRen9FPBns1FwcHFeS',#1,'Qto_WallBaseQuantities',$,'BaseQuantities',(#231,#232,#233,#234));
#236=IFCRELDEFINESBYPROPERTIES('2miw564v1A1uSGIg$CkZQq',#1,$,$,(#228),#235);
#237=IFCLOCALPLACEMENT(#47,#238);
#238=IFCAXIS2PLACEMENT3D(#239,#240,#241);
#239=IFCCARTESIANPOINT((5400.,5800.,0.));
#240=IFCDIRECTION((0.,0.,1.));
#241=IFCDIRECTION((-1.3173934614068503E-15,-1.,0.));
#242=IFCSHAPEREPRESENTATION(#12,'Body','Tessellation',(#243));
#243=IFCTRIANGULATEDFACESET(#244,((5.075971733246496E-16,5.472814749700968E-14,-1.),(5.075971733246496E-16,5.472814749700968E-14,-1.),(5.075971733246496E-16,5.472814749700968E-14,-1.),(5.075971733246496E-16,5.472814749700968E-14,-1.),(-3.3160286406683378E-15,0.7071067811864917,0.7071067811866033),(-3.3160286406683378E-15,0.7071067811864917,0.7071067811866033),(-3.3160286406683378E-15,0.7071067811864917,0.7071067811866033),(-3.3160286406683378E-15,0.7071067811864917,0.7071067811866033),(5.178510654014873E-15,1.0939179906803554E-13,-1.),(5.178510654014873E-15,1.0939179906803554E-13,-1.),(5.178510654014873E-15,1.0939179906803554E-13,-1.),(5.178510654014873E-15,1.0939179906803554E-13,-1.),(1.1928109842900645E-30,-1.,-1.9785184743809532E-14),(1.1928109842900645E-30,-1.,-1.9785184743809532E-14),(1.1928109842900645E-30,-1.,-1.9785184743809532E-14),(1.1928109842900645E-30,-1.,-1.9785184743809532E-14),(1.,1.0631635464886396E-15,1.0246502496644683E-14),(1.,1.0631635464886396E-15,1.0246502496644683E-14),(1.,1.0631635464886396E-15,1.0246502496644683E-14),(1.,1.0631635464886396E-15,1.0246502496644683E-14),(1.,2.875890450093469E-15,1.3754869910452968E-15),(1.,2.875890450093469E-15,1.3754869910452968E-15),(1.,2.875890450093469E-15,1.3754869910452968E-15),(1.,2.875890450093469E-15,1.3754869910452968E-15),(-1.2759710407406468E-15,0.7071067811863934,0.7071067811867017),(-1.2759710407406468E-15,0.7071067811863934,0.7071067811867017),(-1.2759710407406468E-15,0.7071067811863934,0.7071067811867017),(-1.2759710407406468E-15,0.7071067811863934,0.7071067811867017),(-5.638296522182432E-31,-1.,-2.3028657652630297E-14),(-5.638296522182432E-31,-1.,-2.3028657652630297E-14),(-5.638296522182432E-31,-1.,-2.3028657652630297E-14),(-5.638296522182432E-31,-1.,-2.3028657652630297E-14),(-1.,-2.001234177502896E-14,-9.945041069530269E-15),(-1.,-2.001234177502896E-14,-9.945041069530269E-15),(-1.,-2.001234177502896E-14,-9.945041069530269E-15),(-1.,-2.001234177502896E-14,-9.945041069530269E-15),(0.,1.,0.),(0.,1.,0.),(0.,1.,0.),(0.,1.,0.),(-1.,2.9589614798649126E-14,-9.800553637205803E-16),(-1.,2.9589614798649126E-14,-9.800553637205803E-16),(-1.,2.9589614798649126E-14,-9.800553637205803E-16),(-1.,2.9589614798649126E-14,-9.800553637205803E-16),(-2.7765823828164537E-15,1.,-2.7949379008107385E-30),(-2.7765823828164537E-15,1.,-2.7949379008107385E-30),(-2.7765823828164537E-15,1.,-2.7949379008107385E-30),(-2.7765823828164537E-15,1.,-2.7949379008107385E-30)),$,((1,2,3),(2,1,4),(5,6,7),(6,5,8),(9,10,11),(10,9,12),(13,14,15),(14,13,16),(17,18,19),(18,17,20),(21,22,23),(22,21,24),(25,26,27),(26,25,28),(29,30,31),(30,29,32),(33,34,35),(34,33,36),(37,38,39),(38,37,40),(41,42,43),(42,41,44),(45,46,47),(46,45,48)),$);
#244=IFCCARTESIANPOINTLIST3D(((3800.,-226.,0.),(1200.,-250.,0.),(1200.,-226.,0.),(3800.,-250.,0.),(0.,-250.,2225.736),(500.,-226.,2201.736),(0.,-226.,2201.736),(500.,-250.,2225.736),(500.,-226.,0.),(0.,-250.,0.),(0.,-226.,0.),(500.,-250.,0.),(500.,-250.,2225.736),(0.,-250.,0.),(500.,-250.,0.),(0.,-250.,2225.736),(500.,-250.,0.),(500.,-226.,2201.736),(500.,-250.,2225.736),(500.,-226.,0.),(3800.,-250.,0.),(3800.,-226.,2201.736),(3800.,-250.,2225.736),(3800.,-226.,0.),(3800.,-250.,2225.736),(1200.,-226.,2201.736),(1200.,-250.,2225.736),(3800.,-226.,2201.736),(3800.,-250.,2225.736),(1200.,-250.,0.),(3800.,-250.,0.),(1200.,-250.,2225.736),(0.,-226.,2201.736),(0.,-250.,0.),(0.,-250.,2225.736),(0.,-226.,0.),(0.,-226.,2201.736),(500.,-226.,0.),(0.,-226.,0.),(500.,-226.,2201.736),(1200.,-226.,2201.736),(1200.,-250.,0.),(1200.,-250.,2225.736),(1200.,-226.,0.),(1200.,-226.,2201.736),(3800.,-226.,0.),(1200.,-226.,0.),(3800.,-226.,2201.736)));
#245=IFCSTYLEDITEM(#243,(#248),$);
#246=IFCSURFACESTYLERENDERING(#247,0.,$,$,$,$,$,$,.NOTDEFINED.);
#247=IFCCOLOURRGB($,1.,1.,1.);
#248=IFCSURFACESTYLE('gypsum_fiber-board_panel',.BOTH.,(#246));
#249=IFCPRODUCTDEFINITIONSHAPE($,$,(#242));
#250=IFCROOFTYPE('0GE$iSXKL8jAEeHi$mszPq',#1,'house - roof','A sturdy roof, sheltering the house from the elements.',$,$,$,'902509','gable_roof',.GABLE_ROOF.);
#251=IFCRELDEFINESBYTYPE('3vwqwSGfL8LeMOHvcbNbYk',#1,$,$,(#252),#250);
#252=IFCROOF('2iPwJwpPDCSgMheXwk9cBT',#1,'house - roof','A sturdy roof, sheltering the house from the elements.','gable_roof',#254,$,'454425.1027891.979946.932084',$);
#253=IFCRELCONTAINEDINSPATIALSTRUCTURE('1JoEmCNtv6tfeP8yu4kUFS',#1,$,$,(#252,#303,#319,#337),#28);
#254=IFCLOCALPLACEMENT(#30,#255);
#255=IFCAXIS2PLACEMENT3D(#256,#257,#258);
#256=IFCCARTESIANPOINT((-2800.,-2800.,3100.));
#257=IFCDIRECTION((0.,0.,1.));
#258=IFCDIRECTION((1.,0.,0.));
#259=IFCSLABTYPE('3eOsEo1q1CHfDNvWsh3ksD',#1,'house - roof - slab left','A roof slab that\X\27s got it all covered',$,$,$,'880245','roof',.ROOF.);
#260=IFCRELDEFINESBYTYPE('2i47udZl5BLfVbbW8mvEps',#1,$,$,(#261),#259);
#261=IFCSLAB('0ZTBBPo6f6bxqV2K7Oelrq',#1,'house - roof - slab left','A roof slab that\X\27s got it all covered','roof',#270,#282,'454425.1027891.979946.932084.902510',$);
#262=IFCRELASSOCIATESMATERIAL('1Tyvz$43XCrgyBJnA9othY',#1,$,$,(#261,#285),#263);
#263=IFCMATERIAL('composite_element_roof',$,$);
#264=IFCQUANTITYVOLUME('NetVolume',$,$,6.7203428483966,$);
#265=IFCQUANTITYLENGTH('Depth',$,$,300.,$);
#266=IFCQUANTITYAREA('NetArea',$,$,22.40114282797721,$);
#267=IFCELEMENTQUANTITY('0gNyi54Zr1khdYtM_Gl1j7',#1,'Qto_SlabBaseQuantities',$,'BaseQuantities',(#264,#265,#266));
#268=IFCRELDEFINESBYPROPERTIES('0fjwH74g54vQdEi1FuLhJV',#1,$,$,(#261),#267);
#269=IFCRELAGGREGATES('2iibGpghfAYxr5D8bYzotN',#1,'house - roof container',$,#252,(#261,#285));
#270=IFCLOCALPLACEMENT(#254,#271);
#271=IFCAXIS2PLACEMENT3D(#272,#273,#274);
#272=IFCCARTESIANPOINT((2100.,6000.,3475.736));
#273=IFCDIRECTION((-0.707106781186532,-1.5343992092947548E-15,0.7071067811865631));
#274=IFCDIRECTION((8.401584185916714E-15,-1.,6.231616014037196E-15));
#275=IFCSHAPEREPRESENTATION(#12,'Body','Tessellation',(#276));
#276=IFCTRIANGULATEDFACESET(#277,((-1.0319670377555575E-14,-1.4432899320127035E-14,1.),(-1.0319670377555575E-14,-1.4432899320127035E-14,1.),(-1.0319670377555575E-14,-1.4432899320127035E-14,1.),(-1.0319670377555575E-14,-1.4432899320127035E-14,1.),(1.1873982612030798E-14,1.3822276656583199E-14,-1.),(1.1873982612030798E-14,1.3822276656583199E-14,-1.),(1.1873982612030798E-14,1.3822276656583199E-14,-1.),(1.1873982612030798E-14,1.3822276656583199E-14,-1.),(1.,-3.5667292654796704E-15,1.2788136056005132E-13),(1.,-3.5667292654796704E-15,1.2788136056005132E-13),(1.,-3.5667292654796704E-15,1.2788136056005132E-13),(1.,-3.5667292654796704E-15,1.2788136056005132E-13),(7.966214517805886E-15,0.7071067811865844,-0.7071067811865106),(7.966214517805886E-15,0.7071067811865844,-0.7071067811865106),(7.966214517805886E-15,0.7071067811865844,-0.7071067811865106),(7.966214517805886E-15,0.7071067811865844,-0.7071067811865106),(-1.,-9.57196467548433E-16,-8.428195243442083E-14),(-1.,-9.57196467548433E-16,-8.428195243442083E-14),(-1.,-9.57196467548433E-16,-8.428195243442083E-14),(-1.,-9.57196467548433E-16,-8.428195243442083E-14),(-4.913101200086771E-15,-0.7071067811865795,0.7071067811865155),(-4.913101200086771E-15,-0.7071067811865795,0.7071067811865155),(-4.913101200086771E-15,-0.7071067811865795,0.7071067811865155),(-4.913101200086771E-15,-0.7071067811865795,0.7071067811865155)),$,((1,2,3),(2,1,4),(5,6,7),(6,5,8),(9,10,11),(10,9,12),(13,14,15),(14,13,16),(17,18,19),(18,17,20),(21,22,23),(22,21,24)),$);
#277=IFCCARTESIANPOINTLIST3D(((6300.,-3094.113,300.),(-300.,300.,300.),(-300.,-3094.113,300.),(6300.,300.,300.),(6300.,0.,0.),(-300.,-3394.113,0.),(-300.,0.,0.),(6300.,-3394.113,0.),(6300.,0.,0.),(6300.,-3094.113,300.),(6300.,-3394.113,0.),(6300.,300.,300.),(-300.,300.,300.),(6300.,0.,0.),(-300.,0.,0.),(6300.,300.,300.),(-300.,-3094.113,300.),(-300.,0.,0.),(-300.,-3394.113,0.),(-300.,300.,300.),(6300.,-3394.113,0.),(-300.,-3094.113,300.),(-300.,-3394.113,0.),(6300.,-3094.113,300.)));
#278=IFCSTYLEDITEM(#276,(#281),$);
#279=IFCSURFACESTYLERENDERING(#280,0.,$,$,$,$,$,$,.NOTDEFINED.);
#280=IFCCOLOURRGB($,0.9647058823529412,0.6862745098039216,0.4980392156862745);
#281=IFCSURFACESTYLE('composite_element_roof',.BOTH.,(#279));
#282=IFCPRODUCTDEFINITIONSHAPE($,$,(#275));
#283=IFCSLABTYPE('3n9C2OuJjE89DiYlOaoccO',#1,'house - roof - slab right','A roof slab that\X\27s got it all covered',$,$,$,'883786','roof',.ROOF.);
#284=IFCRELDEFINESBYTYPE('2LggWrf0b8BBbNxz_kRjsN',#1,$,$,(#285),#283);
#285=IFCSLAB('12UVOn4wvAJPMUExKdZLb8',#1,'house - roof - slab right','A roof slab that\X\27s got it all covered','roof',#291,#300,'454425.1027891.979946.932084.902511',$);
#286=IFCQUANTITYVOLUME('NetVolume',$,$,9.363507996471887,$);
#287=IFCQUANTITYLENGTH('Depth',$,$,300.,$);
#288=IFCQUANTITYAREA('NetArea',$,$,31.21169332156894,$);
#289=IFCELEMENTQUANTITY('3xJ9a9tQn29QQjVHSb0r6h',#1,'Qto_SlabBaseQuantities',$,'BaseQuantities',(#286,#287,#288));
#290=IFCRELDEFINESBYPROPERTIES('1SDEhjPn94WeDGTHCJXe9x',#1,$,$,(#285),#289);
#291=IFCLOCALPLACEMENT(#254,#292);
#292=IFCAXIS2PLACEMENT3D(#293,#294,#295);
#293=IFCCARTESIANPOINT((2100.,0.,3475.736));
#294=IFCDIRECTION((0.7071067811865405,1.3827840298789288E-14,0.7071067811865547));
#295=IFCDIRECTION((-2.475399821121155E-15,1.,-1.708011946775574E-14));
#296=IFCSHAPEREPRESENTATION(#12,'Body','Tessellation',(#297));
#297=IFCTRIANGULATEDFACESET(#298,((-1.,5.551417136929974E-16,1.12541683656661E-13),(-1.,5.551417136929974E-16,1.12541683656661E-13),(-1.,5.551417136929974E-16,1.12541683656661E-13),(-1.,5.551417136929974E-16,1.12541683656661E-13),(-2.544851976317381E-16,0.7071067811865758,-0.7071067811865195),(-2.544851976317381E-16,0.7071067811865758,-0.7071067811865195),(-2.544851976317381E-16,0.7071067811865758,-0.7071067811865195),(-2.544851976317381E-16,0.7071067811865758,-0.7071067811865195),(1.8276216453997237E-15,-8.93729534823251E-15,1.),(1.8276216453997237E-15,-8.93729534823251E-15,1.),(1.8276216453997237E-15,-8.93729534823251E-15,1.),(1.8276216453997237E-15,-8.93729534823251E-15,1.),(1.8276216453997237E-15,-8.93729534823251E-15,1.),(1.8276216453997237E-15,-8.93729534823251E-15,1.),(1.8276216453997237E-15,-8.93729534823251E-15,1.),(1.8276216453997237E-15,-8.93729534823251E-15,1.),(1.8276216453997237E-15,-8.93729534823251E-15,1.),(1.8276216453997237E-15,-8.93729534823251E-15,1.),(-1.,-1.2886477620368146E-14,-7.257639950365015E-15),(-1.,-1.2886477620368146E-14,-7.257639950365015E-15),(-1.,-1.2886477620368146E-14,-7.257639950365015E-15),(-1.,-1.2886477620368146E-14,-7.257639950365015E-15),(-7.118249174723844E-15,3.497202527569243E-15,-1.),(-7.118249174723844E-15,3.497202527569243E-15,-1.),(-7.118249174723844E-15,3.497202527569243E-15,-1.),(-7.118249174723844E-15,3.497202527569243E-15,-1.),(-7.118249174723844E-15,3.497202527569243E-15,-1.),(-7.118249174723844E-15,3.497202527569243E-15,-1.),(-7.118249174723844E-15,3.497202527569243E-15,-1.),(-7.118249174723844E-15,3.497202527569243E-15,-1.),(-7.118249174723844E-15,3.497202527569243E-15,-1.),(-7.118249174723844E-15,3.497202527569243E-15,-1.),(1.,5.1143074561679225E-15,-6.197407463554143E-14),(1.,5.1143074561679225E-15,-6.197407463554143E-14),(1.,5.1143074561679225E-15,-6.197407463554143E-14),(1.,5.1143074561679225E-15,-6.197407463554143E-14),(1.2411427317276563E-14,-0.7071067811865416,0.7071067811865535),(1.2411427317276563E-14,-0.7071067811865416,0.7071067811865535),(1.2411427317276563E-14,-0.7071067811865416,0.7071067811865535),(1.2411427317276563E-14,-0.7071067811865416,0.7071067811865535),(-3.3404564307013487E-15,-0.7071067811865449,0.7071067811865501),(-3.3404564307013487E-15,-0.7071067811865449,0.7071067811865501),(-3.3404564307013487E-15,-0.7071067811865449,0.7071067811865501),(-3.3404564307013487E-15,-0.7071067811865449,0.7071067811865501),(-5.907252589038288E-15,-0.7071067811865545,0.7071067811865406),(-5.907252589038288E-15,-0.7071067811865545,0.7071067811865406),(-5.907252589038288E-15,-0.7071067811865545,0.7071067811865406),(-5.907252589038288E-15,-0.7071067811865545,0.7071067811865406),(6.938554616941515E-15,0.7071067811865545,-0.7071067811865406),(6.938554616941515E-15,0.7071067811865545,-0.7071067811865406),(6.938554616941515E-15,0.7071067811865545,-0.7071067811865406),(6.938554616941515E-15,0.7071067811865545,-0.7071067811865406),(1.,4.500210060477742E-15,4.815236217270992E-15),(1.,4.500210060477742E-15,4.815236217270992E-15),(1.,4.500210060477742E-15,4.815236217270992E-15),(1.,4.500210060477742E-15,4.815236217270992E-15),(-1.,-4.5002100604777466E-15,-4.815236217271137E-15),(-1.,-4.5002100604777466E-15,-4.815236217271137E-15),(-1.,-4.5002100604777466E-15,-4.815236217271137E-15),(-1.,-4.5002100604777466E-15,-4.815236217271137E-15)),$,((1,2,3),(2,1,4),(5,6,7),(6,5,8),(9,10,11),(10,9,12),(10,12,13),(13,12,14),(15,16,17),(16,15,14),(14,15,9),(14,9,11),(14,11,18),(14,18,13),(19,20,21),(20,19,22),(23,24,25),(24,23,26),(24,26,27),(27,26,28),(28,26,29),(29,26,30),(27,31,32),(31,27,28),(32,31,30),(32,30,26),(33,34,35),(34,33,36),(37,38,39),(38,37,40),(41,42,43),(42,41,44),(45,46,47),(46,45,48),(49,50,51),(50,49,52),(53,54,55),(54,53,56),(57,58,59),(58,57,60)),$);
#298=IFCCARTESIANPOINTLIST3D(((-300.,-3094.113,300.),(-300.,0.,0.),(-300.,-3394.113,0.),(-300.,300.,300.),(-300.,0.,0.),(6300.,300.,300.),(6300.,0.,0.),(-300.,300.,300.),(1500.,-5074.012,300.),(4600.,-4366.905,300.),(4600.,-3376.955,300.),(6300.,-5074.012,300.),(5300.,-4366.905,300.),(6300.,300.,300.),(1500.,-3094.113,300.),(-300.,300.,300.),(-300.,-3094.113,300.),(5300.,-3376.955,300.),(1500.,-5074.012,300.),(1500.,-3394.113,0.),(1500.,-5374.012,0.),(1500.,-3094.113,300.),(-300.,0.,0.),(1500.,-3394.113,0.),(-300.,-3394.113,0.),(6300.,0.,0.),(1500.,-5374.012,0.),(4600.,-3676.955,0.),(5300.,-3676.955,0.),(5300.,-4666.905,0.),(4600.,-4666.905,0.),(6300.,-5374.012,0.),(6300.,0.,0.),(6300.,-5074.012,300.),(6300.,-5374.012,0.),(6300.,300.,300.),(1500.,-3394.113,0.),(-300.,-3094.113,300.),(-300.,-3394.113,0.),(1500.,-3094.113,300.),(1500.,-5374.012,0.),(6300.,-5074.012,300.),(1500.,-5074.012,300.),(6300.,-5374.012,0.),(5300.,-3376.955,300.),(4600.,-3676.955,0.),(5300.,-3676.955,0.),(4600.,-3376.955,300.),(4600.,-4666.905,0.),(5300.,-4366.905,300.),(5300.,-4666.905,0.),(4600.,-4366.905,300.),(4600.,-3676.955,0.),(4600.,-4366.905,300.),(4600.,-4666.905,0.),(4600.,-3376.955,300.),(5300.,-4366.905,300.),(5300.,-3676.955,0.),(5300.,-4666.905,0.),(5300.,-3376.955,300.)));
#299=IFCSTYLEDITEM(#297,(#281),$);
#300=IFCPRODUCTDEFINITIONSHAPE($,$,(#296));
#301=IFCSPATIALZONETYPE('02tV5cCF9FyA9D1O5nS04E',#1,'house - gross volume',$,$,$,$,'884737','gross volume',.USERDEFINED.,$);
#302=IFCRELDEFINESBYTYPE('0gNxHKqrn0uui2jga0HHAV',#1,$,$,(#303),#301);
#303=IFCSPATIALZONE('1yP7NInQz5uQzbiOpVFFJr',#1,'house - gross volume',$,'gross volume',#304,#316,$,$);
#304=IFCLOCALPLACEMENT(#30,#305);
#305=IFCAXIS2PLACEMENT3D(#306,#307,#308);
#306=IFCCARTESIANPOINT((-2800.,-2800.,1300.));
#307=IFCDIRECTION((0.,0.,1.));
#308=IFCDIRECTION((1.,0.,0.));
#309=IFCSHAPEREPRESENTATION(#12,'Body','Tessellation',(#310));
#310=IFCTRIANGULATEDFACESET(#311,((-0.7071067811865459,2.2010523126980766E-17,0.7071067811865492),(-0.7071067811865459,2.2010523126980766E-17,0.7071067811865492),(-0.7071067811865459,2.2010523126980766E-17,0.7071067811865492),(-0.7071067811865459,2.2010523126980766E-17,0.7071067811865492),(0.7071067811865526,1.4157207832392772E-14,0.7071067811865425),(0.7071067811865526,1.4157207832392772E-14,0.7071067811865425),(0.7071067811865526,1.4157207832392772E-14,0.7071067811865425),(0.7071067811865526,1.4157207832392772E-14,0.7071067811865425),(0.7071067811865526,1.4157207832392772E-14,0.7071067811865425),(0.7071067811865526,1.4157207832392772E-14,0.7071067811865425),(1.,2.5901853658387827E-14,9.924486728288328E-29),(1.,2.5901853658387827E-14,9.924486728288328E-29),(1.,2.5901853658387827E-14,9.924486728288328E-29),(1.,2.5901853658387827E-14,9.924486728288328E-29),(1.4251491698289922E-14,1.,5.7632358717794455E-15),(1.4251491698289922E-14,1.,5.7632358717794455E-15),(1.4251491698289922E-14,1.,5.7632358717794455E-15),(1.4251491698289922E-14,1.,5.7632358717794455E-15),(1.4251491698289922E-14,1.,5.7632358717794455E-15),(-1.,1.487416814333745E-17,0.),(-1.,1.487416814333745E-17,0.),(-1.,1.487416814333745E-17,0.),(-1.,1.487416814333745E-17,0.),(-3.1515459731211106E-14,-1.,8.577165380581265E-16),(-3.1515459731211106E-14,-1.,8.577165380581265E-16),(-3.1515459731211106E-14,-1.,8.577165380581265E-16),(-3.1515459731211106E-14,-1.,8.577165380581265E-16),(1.487416814333745E-17,-1.,-1.2508890969868697E-14),(1.487416814333745E-17,-1.,-1.2508890969868697E-14),(1.487416814333745E-17,-1.,-1.2508890969868697E-14),(1.487416814333745E-17,-1.,-1.2508890969868697E-14),(1.487416814333745E-17,-1.,-1.2508890969868697E-14),(-3.981066847717047E-16,1.6801652408367234E-15,-1.),(-3.981066847717047E-16,1.6801652408367234E-15,-1.),(-3.981066847717047E-16,1.6801652408367234E-15,-1.),(-3.981066847717047E-16,1.6801652408367234E-15,-1.),(-3.981066847717047E-16,1.6801652408367234E-15,-1.),(-3.981066847717047E-16,1.6801652408367234E-15,-1.),(1.,5.395270012942634E-14,-3.00796424805263E-16),(1.,5.395270012942634E-14,-3.00796424805263E-16),(1.,5.395270012942634E-14,-3.00796424805263E-16),(1.,5.395270012942634E-14,-3.00796424805263E-16)),$,((1,2,3),(2,1,4),(5,6,7),(8,9,10),(9,8,6),(9,6,5),(11,12,13),(12,11,14),(15,16,17),(16,15,18),(18,15,19),(20,21,22),(21,20,23),(24,25,26),(25,24,27),(28,29,30),(29,28,31),(31,28,32),(33,34,35),(34,33,36),(35,37,38),(37,35,34),(39,40,41),(40,39,42)),$);
#311=IFCCARTESIANPOINTLIST3D(((2100.,0.,5700.),(0.,6000.,3600.),(0.,0.,3600.),(2100.,6000.,5700.),(5600.,6000.,2200.),(4200.,1800.,3600.),(5600.,1800.,2200.),(4200.,0.,3600.),(2100.,6000.,5700.),(2100.,0.,5700.),(4200.,0.,-300.),(4200.,1800.,3600.),(4200.,0.,3600.),(4200.,1800.,-300.),(0.,6000.,3600.),(5600.,6000.,-300.),(0.,6000.,-300.),(5600.,6000.,2200.),(2100.,6000.,5700.),(0.,6000.,3600.),(0.,0.,-300.),(0.,0.,3600.),(0.,6000.,-300.),(5600.,1800.,2200.),(4200.,1800.,-300.),(5600.,1800.,-300.),(4200.,1800.,3600.),(4200.,0.,3600.),(0.,0.,-300.),(4200.,0.,-300.),(0.,0.,3600.),(2100.,0.,5700.),(5600.,6000.,-300.),(4200.,1800.,-300.),(0.,6000.,-300.),(5600.,1800.,-300.),(4200.,0.,-300.),(0.,0.,-300.),(5600.,6000.,-300.),(5600.,1800.,2200.),(5600.,1800.,-300.),(5600.,6000.,2200.)));
#312=IFCSTYLEDITEM(#310,(#315),$);
#313=IFCSURFACESTYLERENDERING(#314,0.8509803921568627,$,$,$,$,$,$,.NOTDEFINED.);
#314=IFCCOLOURRGB($,0.,0.5686274509803921,0.);
#315=IFCSURFACESTYLE('virtual_spatial-zone',.BOTH.,(#313));
#316=IFCPRODUCTDEFINITIONSHAPE($,$,(#309));
#317=IFCBUILDINGELEMENTPROXYTYPE('3w6ICDipzDzBpAKGLlR62f',#1,'sand bedding','A layer of ground floor sand bedding, providing a stable base.',$,$,$,'884803','subgrade',.ELEMENT.);
#318=IFCRELDEFINESBYTYPE('1SihQ7wbb2zxRE28j$a1do',#1,$,$,(#319),#317);
#319=IFCBUILDINGELEMENTPROXY('3_4VN63S96DfWiJjgG8j1C',#1,'sand bedding','A layer of ground floor sand bedding, providing a stable base.','subgrade',#322,#334,'454425.1027891.979946.932086',$);
#320=IFCRELASSOCIATESMATERIAL('1k8uxHQbjDqBL1HxU2VBqX',#1,$,$,(#319),#321);
#321=IFCMATERIAL('bulk-material_sand-coarse_generic',$,$);
#322=IFCLOCALPLACEMENT(#30,#323);
#323=IFCAXIS2PLACEMENT3D(#324,#325,#326);
#324=IFCCARTESIANPOINT((-2800.,-2800.,1300.));
#325=IFCDIRECTION((0.,0.,1.));
#326=IFCDIRECTION((1.,0.,0.));
#327=IFCSHAPEREPRESENTATION(#12,'Body','Tessellation',(#328));
#328=IFCTRIANGULATEDFACESET(#329,((0.007513022421054994,-0.00031244344452354084,-0.9999717280369456),(-0.04858406266717007,-0.012161989253673932,-0.9987450499863045),(-0.005154216278900322,0.029584184639518177,-0.9995490033378881),(-0.0037090124062605424,-0.03076059193945348,-0.9995198993569386),(-0.052982925958976815,-0.002629629006285744,-0.9985919560101189),(-0.04858406266717007,-0.012161989253673932,-0.9987450499863045),(0.007513022421054994,-0.00031244344452354084,-0.9999717280369456),(0.03664424287006994,-0.07448365854011851,-0.9965487364273553),(-0.04858406266717007,-0.012161989253673932,-0.9987450499863045),(-0.04858406266717007,-0.012161989253673932,-0.9987450499863045),(-0.052982925958976815,-0.002629629006285744,-0.9985919560101189),(-0.0747542897626788,0.04813608726997033,-0.9960395139071619),(0.03664424287006994,-0.07448365854011851,-0.9965487364273553),(-0.0037090124062605424,-0.03076059193945348,-0.9995198993569386),(-0.04858406266717007,-0.012161989253673932,-0.9987450499863045),(-0.04858406266717007,-0.012161989253673932,-0.9987450499863045),(-0.0747542897626788,0.04813608726997033,-0.9960395139071619),(-0.005154216278900322,0.029584184639518177,-0.9995490033378881),(0.,0.,1.),(0.,0.,1.),(0.,0.,1.),(0.,0.,1.),(0.,0.,1.),(0.,0.,1.),(0.,0.,1.),(0.,0.,1.),(0.,0.,1.),(0.,0.,1.),(3.8673826046370475E-17,-3.342182497834653E-17,-1.),(-0.0747542897626788,0.04813608726997033,-0.9960395139071619),(-0.052982925958976815,-0.002629629006285744,-0.9985919560101189),(-0.005154216278900322,0.029584184639518177,-0.9995490033378881),(3.8673826046370475E-17,-3.342182497834653E-17,-1.),(0.007513022421054994,-0.00031244344452354084,-0.9999717280369456),(3.8673826046370475E-17,-3.342182497834653E-17,-1.),(-0.0037090124062605424,-0.03076059193945348,-0.9995198993569386),(3.8673826046370475E-17,-3.342182497834653E-17,-1.),(0.03664424287006994,-0.07448365854011851,-0.9965487364273553),(2.56256138040125E-17,-1.238146701442686E-17,-1.),(2.56256138040125E-17,-1.238146701442686E-17,-1.),(2.56256138040125E-17,-1.238146701442686E-17,-1.),(2.56256138040125E-17,-1.238146701442686E-17,-1.),(2.56256138040125E-17,-1.238146701442686E-17,-1.),(2.56256138040125E-17,-1.238146701442686E-17,-1.),(-1.5985181432499936E-14,-1.,6.015928496102163E-15),(-1.5985181432499936E-14,-1.,6.015928496102163E-15),(-1.5985181432499936E-14,-1.,6.015928496102163E-15),(-1.5985181432499936E-14,-1.,6.015928496102163E-15),(-1.,1.9250971187527647E-14,-1.5039821240256474E-15),(-1.,1.9250971187527647E-14,-1.5039821240256474E-15),(-1.,1.9250971187527647E-14,-1.5039821240256474E-15),(-1.,1.9250971187527647E-14,-1.5039821240256474E-15),(1.0777106191588747E-14,1.,6.015928496102246E-16),(1.0777106191588747E-14,1.,6.015928496102246E-16),(1.0777106191588747E-14,1.,6.015928496102246E-16),(1.0777106191588747E-14,1.,6.015928496102246E-16),(-2.5782550697580924E-16,-1.,6.015928496102182E-16),(-2.5782550697580924E-16,-1.,6.015928496102182E-16),(-2.5782550697580924E-16,-1.,6.015928496102182E-16),(-2.5782550697580924E-16,-1.,6.015928496102182E-16),(-1.,-6.974179963695519E-15,-1.0527874868178796E-15),(-1.,-6.974179963695519E-15,-1.0527874868178796E-15),(-1.,-6.974179963695519E-15,-1.0527874868178796E-15),(-1.,-6.974179963695519E-15,-1.0527874868178796E-15),(1.,0.,0.),(1.,0.,0.),(1.,0.,0.),(1.,0.,0.),(-6.115014377214368E-15,1.,5.4573559046576526E-30),(-6.115014377214368E-15,1.,5.4573559046576526E-30),(-6.115014377214368E-15,1.,5.4573559046576526E-30),(-6.115014377214368E-15,1.,5.4573559046576526E-30),(1.,0.,0.),(1.,0.,0.),(1.,0.,0.),(1.,0.,0.),(1.,-6.277490604628178E-16,-2.4063713984408723E-15),(1.,-6.277490604628178E-16,-2.4063713984408723E-15),(1.,-6.277490604628178E-16,-2.4063713984408723E-15),(1.,-6.277490604628178E-16,-2.4063713984408723E-15),(-5.553164765633306E-16,1.,-1.203185699220436E-15),(-5.553164765633306E-16,1.,-1.203185699220436E-15),(-5.553164765633306E-16,1.,-1.203185699220436E-15),(-5.553164765633306E-16,1.,-1.203185699220436E-15)),$,((1,2,3),(4,5,6),(7,8,9),(10,11,12),(13,14,15),(16,17,18),(19,20,21),(20,19,22),(21,23,24),(23,21,20),(25,26,27),(26,25,28),(29,30,31),(30,29,32),(32,29,33),(32,33,34),(35,36,37),(36,35,29),(36,29,31),(37,36,38),(37,38,34),(37,34,33),(39,40,41),(40,39,42),(42,43,40),(43,42,44),(45,46,47),(46,45,48),(49,50,51),(50,49,52),(53,54,55),(54,53,56),(57,58,59),(58,57,60),(61,62,63),(62,61,64),(65,66,67),(66,65,68),(69,70,71),(70,69,72),(73,74,75),(74,73,76),(77,78,79),(78,77,80),(81,82,83),(82,81,84)),$);
#329=IFCCARTESIANPOINTLIST3D(((3662.324,800.,-550.),(2800.,800.,-598.692),(2800.,1248.138,-550.),(2800.,401.153,-550.),(2508.771,800.,-550.),(2800.,800.,-598.692),(3662.324,800.,-550.),(3034.54,565.46,-550.),(2800.,800.,-598.692),(2800.,800.,-598.692),(2508.771,800.,-550.),(2612.046,987.954,-550.),(3034.54,565.46,-550.),(2800.,401.153,-550.),(2800.,800.,-598.692),(2800.,800.,-598.692),(2612.046,987.954,-550.),(2800.,1248.138,-550.),(5250.,2150.,-250.),(4600.,4500.,-250.),(350.,2150.,-250.),(5250.,4500.,-250.),(4600.,5650.,-250.),(350.,5650.,-250.),(3850.,350.,-250.),(350.,1700.,-250.),(350.,350.,-250.),(3850.,1700.,-250.),(350.,1700.,-550.),(2612.046,987.954,-550.),(2508.771,800.,-550.),(2800.,1248.138,-550.),(3850.,1700.,-550.),(3662.324,800.,-550.),(350.,350.,-550.),(2800.,401.153,-550.),(3850.,350.,-550.),(3034.54,565.46,-550.),(4600.,5650.,-550.),(350.,2150.,-550.),(350.,5650.,-550.),(4600.,4500.,-550.),(5250.,2150.,-550.),(5250.,4500.,-550.),(3850.,350.,-550.),(350.,350.,-250.),(350.,350.,-550.),(3850.,350.,-250.),(350.,350.,-250.),(350.,1700.,-550.),(350.,350.,-550.),(350.,1700.,-250.),(350.,1700.,-250.),(3850.,1700.,-550.),(350.,1700.,-550.),(3850.,1700.,-250.),(5250.,2150.,-550.),(350.,2150.,-250.),(350.,2150.,-550.),(5250.,2150.,-250.),(350.,5650.,-250.),(350.,2150.,-550.),(350.,2150.,-250.),(350.,5650.,-550.),(3850.,1700.,-550.),(3850.,350.,-250.),(3850.,350.,-550.),(3850.,1700.,-250.),(350.,5650.,-250.),(4600.,5650.,-550.),(350.,5650.,-550.),(4600.,5650.,-250.),(5250.,4500.,-550.),(5250.,2150.,-250.),(5250.,2150.,-550.),(5250.,4500.,-250.),(4600.,5650.,-550.),(4600.,4500.,-250.),(4600.,4500.,-550.),(4600.,5650.,-250.),(4600.,4500.,-250.),(5250.,4500.,-550.),(4600.,4500.,-550.),(5250.,4500.,-250.)));
#330=IFCSTYLEDITEM(#328,(#333),$);
#331=IFCSURFACESTYLERENDERING(#332,0.,$,$,$,$,$,$,.NOTDEFINED.);
#332=IFCCOLOURRGB($,0.8588235294117647,0.7725490196078432,0.596078431372549);
#333=IFCSURFACESTYLE('bulk-material_sand-coarse_generic',.BOTH.,(#331));
#334=IFCPRODUCTDEFINITIONSHAPE($,$,(#327));
#335=IFCBUILDINGELEMENTPROXYTYPE('3mjKLn_DjE4Beriey9bTvr',#1,'origin','The local position for coordination of aspect models.',$,$,$,'1028017','origin',.USERDEFINED.);
#336=IFCRELDEFINESBYTYPE('21U96ixejDwQmHCVkbTd2U',#1,$,$,(#337),#335);
#337=IFCBUILDINGELEMENTPROXY('2F44QMqSH3TOkM$SZoqCBe',#1,'origin','The local position for coordination of aspect models.','origin',#340,#352,'454425.1027891.1032757',$);
#338=IFCRELASSOCIATESMATERIAL('1QcTgcyaP1C9MT3_T1ZeJj',#1,$,$,(#337),#339);
#339=IFCMATERIAL('virtual_white',$,$);
#340=IFCLOCALPLACEMENT(#30,#341);
#341=IFCAXIS2PLACEMENT3D(#342,#343,#344);
#342=IFCCARTESIANPOINT((-5800.,-5800.,1300.));
#343=IFCDIRECTION((0.,0.,1.));
#344=IFCDIRECTION((1.,0.,0.));
#345=IFCSHAPEREPRESENTATION(#12,'Body','Tessellation',(#346));
#346=IFCTRIANGULATEDFACESET(#347,((1.,0.,0.),(1.,0.,0.),(1.,0.,0.),(1.,0.,0.),(0.,1.,0.),(0.,1.,0.),(0.,1.,0.),(0.,1.,0.),(0.,0.,-1.),(0.,0.,-1.),(0.,0.,-1.),(0.,0.,-1.),(-1.,0.,0.),(-1.,0.,0.),(-1.,0.,0.),(-1.,0.,0.),(0.,0.,1.),(0.,0.,1.),(0.,0.,1.),(0.,0.,1.),(0.,-1.,0.),(0.,-1.,0.),(0.,-1.,0.),(0.,-1.,0.)),$,((1,2,3),(2,1,4),(5,6,7),(6,5,8),(9,10,11),(10,9,12),(13,14,15),(14,13,16),(17,18,19),(18,17,20),(21,22,23),(22,21,24)),$);
#347=IFCCARTESIANPOINTLIST3D(((1000.,1000.,0.),(1000.,0.,1000.),(1000.,0.,0.),(1000.,1000.,1000.),(0.,1000.,1000.),(1000.,1000.,0.),(0.,1000.,0.),(1000.,1000.,1000.),(1000.,1000.,0.),(0.,0.,0.),(0.,1000.,0.),(1000.,0.,0.),(0.,1000.,1000.),(0.,0.,0.),(0.,0.,1000.),(0.,1000.,0.),(1000.,0.,1000.),(0.,1000.,1000.),(0.,0.,1000.),(1000.,1000.,1000.),(1000.,0.,1000.),(0.,0.,0.),(1000.,0.,0.),(0.,0.,1000.)));
#348=IFCSTYLEDITEM(#346,(#351),$);
#349=IFCSURFACESTYLERENDERING(#350,0.,$,$,$,$,$,$,.NOTDEFINED.);
#350=IFCCOLOURRGB($,1.,1.,1.);
#351=IFCSURFACESTYLE('virtual_white',.BOTH.,(#349));
#352=IFCPRODUCTDEFINITIONSHAPE($,$,(#345));
#353=IFCBUILDINGELEMENTPROXYTYPE('2IpkHFcdnD3xuZl6H52fWn',#1,'geo-reference','The reference point for transforming the local engineering coordinate system into the coordinate reference system of the underlying map.',$,$,$,'1028019','origin',.USERDEFINED.);
#354=IFCRELDEFINESBYTYPE('3530pFWy94WO4ESJ$CWAXG',#1,$,$,(#355),#353);
#355=IFCBUILDINGELEMENTPROXY('3Fit2Fad92zf2f6aWdJtF5',#1,'geo-reference','The reference point for transforming the local engineering coordinate system into the coordinate reference system of the underlying map.','origin',#359,#371,'454425.1032696',$);
#356=IFCRELASSOCIATESMATERIAL('2EBkr99ef9S8X3ZQxjf56M',#1,$,$,(#355),#357);
#357=IFCMATERIAL('virtual_black',$,$);
#358=IFCRELCONTAINEDINSPATIALSTRUCTURE('0mkbJ67uX3HudxhK_f8TjF',#1,$,$,(#355),#21);
#359=IFCLOCALPLACEMENT(#23,#360);
#360=IFCAXIS2PLACEMENT3D(#361,#362,#363);
#361=IFCCARTESIANPOINT((0.,0.,0.));
#362=IFCDIRECTION((0.,0.,1.));
#363=IFCDIRECTION((1.,1.487416814333745E-17,0.));
#364=IFCSHAPEREPRESENTATION(#12,'Body','Tessellation',(#365));
#365=IFCTRIANGULATEDFACESET(#366,((-1.,7.21911462561536E-15,-2.8876462805389965E-13),(-1.,7.21911462561536E-15,-2.8876462805389965E-13),(-1.,7.21911462561536E-15,-2.8876462805389965E-13),(-1.,7.21911462561536E-15,-2.8876462805389965E-13),(-3.058371444293475E-33,2.634474752431885E-33,1.),(-3.058371444293475E-33,2.634474752431885E-33,1.),(-3.058371444293475E-33,2.634474752431885E-33,1.),(-3.058371444293475E-33,2.634474752431885E-33,1.),(-3.058371444293475E-33,2.634474752431885E-33,1.),(-3.058371444293475E-33,2.634474752431885E-33,1.),(-3.058371444293475E-33,2.634474752431885E-33,1.),(-3.058371444293475E-33,2.634474752431885E-33,1.),(-3.058371444293475E-33,2.634474752431885E-33,1.),(-3.058371444293475E-33,2.634474752431885E-33,1.),(-3.058371444293475E-33,2.634474752431885E-33,1.),(-3.058371444293475E-33,2.634474752431885E-33,1.),(-3.058371444293475E-33,2.634474752431885E-33,1.),(-3.058371444293475E-33,2.634474752431885E-33,1.),(-3.058371444293475E-33,2.634474752431885E-33,1.),(-3.058371444293475E-33,2.634474752431885E-33,1.),(-3.058371444293475E-33,2.634474752431885E-33,1.),(-3.058371444293475E-33,2.634474752431885E-33,1.),(-0.09801728974624706,0.9951847119559265,-2.8293428708776068E-14),(-0.19509039794774516,0.9807852652994898,-1.421516415386496E-14),(-0.09801728974624706,0.9951847119559265,-2.8293428708776068E-14),(-0.19509039794774516,0.9807852652994898,-1.421516415386496E-14),(-5.775291700492621E-14,1.,6.668325738175412E-26),(-5.775291700492621E-14,1.,6.668325738175412E-26),(-5.775291700492621E-14,1.,6.668325738175412E-26),(-5.775291700492621E-14,1.,6.668325738175412E-26),(-0.9951847119558951,0.09801728974656551,1.7414784486937357E-13),(-0.9807852652994783,0.19509039794780292,8.749523528380382E-14),(-0.9807852652994783,0.19509039794780292,8.749523528380382E-14),(-0.9951847119558951,0.09801728974656551,1.7414784486937357E-13),(0.38268339078040076,-0.9238795497362281,0.),(0.19509039794782512,-0.980785265299474,0.),(0.38268339078040076,-0.9238795497362281,0.),(0.19509039794782512,-0.980785265299474,0.),(0.,0.,-1.),(0.,0.,-1.),(0.,0.,-1.),(0.,0.,-1.),(0.,0.,-1.),(0.,0.,-1.),(0.,0.,-1.),(0.,0.,-1.),(0.,0.,-1.),(0.,0.,-1.),(0.,0.,-1.),(0.,0.,-1.),(0.,0.,-1.),(0.,0.,-1.),(0.,0.,-1.),(0.,0.,-1.),(0.,0.,-1.),(0.,0.,-1.),(0.9807852652994759,-0.1950903979478154,-4.900260093397033E-13),(0.9238795497362351,-0.3826833907803836,0.),(0.9238795497362351,-0.3826833907803836,0.),(0.9807852652994759,-0.1950903979478154,-4.900260093397033E-13),(0.9238795497362351,-0.3826833907803836,0.),(0.8314696223790943,-0.5555702179389808,0.),(0.8314696223790943,-0.5555702179389808,0.),(0.9238795497362351,-0.3826833907803836,0.),(0.9951847119559278,-0.09801728974623324,-9.75332807319653E-13),(0.9807852652994759,-0.1950903979478154,-4.900260093397033E-13),(0.9807852652994759,-0.1950903979478154,-4.900260093397033E-13),(0.9951847119559278,-0.09801728974623324,-9.75332807319653E-13),(0.5555702179389931,-0.8314696223790862,0.),(0.38268339078040076,-0.9238795497362281,0.),(0.5555702179389931,-0.8314696223790862,0.),(0.38268339078040076,-0.9238795497362281,0.),(0.7071067811865249,-0.7071067811865702,0.),(0.5555702179389931,-0.8314696223790862,0.),(0.7071067811865249,-0.7071067811865702,0.),(0.5555702179389931,-0.8314696223790862,0.),(-0.19509039794774516,0.9807852652994898,-1.421516415386496E-14),(-0.38268349542963814,0.9238795063890931,0.),(-0.19509039794774516,0.9807852652994898,-1.421516415386496E-14),(-0.38268349542963814,0.9238795063890931,0.),(0.8314696223790943,-0.5555702179389808,0.),(0.7071067811865249,-0.7071067811865702,0.),(0.7071067811865249,-0.7071067811865702,0.),(0.8314696223790943,-0.5555702179389808,0.),(-0.9807852652994783,0.19509039794780292,8.749523528380382E-14),(-0.9238795063891102,0.38268349542959684,0.),(-0.9238795063891102,0.38268349542959684,0.),(-0.9807852652994783,0.19509039794780292,8.749523528380382E-14),(0.19509039794782512,-0.980785265299474,0.),(0.09801728974630905,-0.9951847119559203,0.),(0.19509039794782512,-0.980785265299474,0.),(0.09801728974630905,-0.9951847119559203,0.),(0.9447142547101878,0.3278947650502742,0.),(0.9769903234900121,0.2132836322995312,0.),(0.9769903234900121,0.2132836322995312,0.),(0.9447142547101878,0.3278947650502742,0.),(0.8957596329165385,0.44453872726369803,0.),(0.9447142547101878,0.3278947650502742,0.),(0.9447142547101878,0.3278947650502742,0.),(0.8957596329165385,0.44453872726369803,0.),(0.36763569523471507,-0.9299698896143292,0.),(0.24649919644888388,-0.9691429957184104,0.),(0.36763569523471507,-0.9299698896143292,0.),(0.24649919644888388,-0.9691429957184104,0.),(0.4866110292734116,-0.8736187418945813,0.),(0.36763569523471507,-0.9299698896143292,0.),(0.4866110292734116,-0.8736187418945813,0.),(0.36763569523471507,-0.9299698896143292,0.),(-0.5218882328493185,-0.8530138758621781,0.),(-0.6371382701240347,-0.7707495214032589,0.),(-0.5218882328493185,-0.8530138758621781,0.),(-0.6371382701240347,-0.7707495214032589,0.),(0.9942464699972969,-0.10711655753390546,0.),(0.9752819685766632,-0.22096398296833067,0.),(0.9752819685766632,-0.22096398296833067,0.),(0.9942464699972969,-0.10711655753390546,0.),(0.9999995436725548,-0.0009553296197073197,0.),(0.9942464699972969,-0.10711655753390546,0.),(0.9942464699972969,-0.10711655753390546,0.),(0.9999995436725548,-0.0009553296197073197,0.),(-0.7284943753270046,0.6850517827996052,0.),(-0.8576732356667385,0.5141951194059969,0.),(-0.8576732356667385,0.5141951194059969,0.),(-0.7284943753270046,0.6850517827996052,0.),(-0.7284943753270046,0.6850517827996052,0.),(-0.5669105664485456,0.8237793452430021,0.),(-0.7284943753270046,0.6850517827996052,0.),(-0.5669105664485456,0.8237793452430021,0.),(-0.3790838524776873,0.9253623251411714,0.),(-0.1834995529945839,0.9830197933158762,0.),(-0.3790838524776873,0.9253623251411714,0.),(-0.1834995529945839,0.9830197933158762,0.),(-0.1834995529945839,0.9830197933158762,0.),(-0.012947889549911789,0.9999161725645823,0.),(-0.1834995529945839,0.9830197933158762,0.),(-0.012947889549911789,0.9999161725645823,0.),(-0.5669105664485456,0.8237793452430021,0.),(-0.3790838524776873,0.9253623251411714,0.),(-0.5669105664485456,0.8237793452430021,0.),(-0.3790838524776873,0.9253623251411714,0.),(0.25678560352314495,0.9664683925629717,0.),(0.38760898056242665,0.9218238867524298,0.),(0.25678560352314495,0.9664683925629717,0.),(0.38760898056242665,0.9218238867524298,0.),(-0.021878265380184617,-0.9997606421058765,0.),(0.18338909196229686,-0.9830404065699663,0.),(-0.021878265380184617,-0.9997606421058765,0.),(0.18338909196229686,-0.9830404065699663,0.),(-0.2724781561229833,-0.9621619689199004,0.),(-0.021878265380184617,-0.9997606421058765,0.),(-0.2724781561229833,-0.9621619689199004,0.),(-0.021878265380184617,-0.9997606421058765,0.),(0.9946569870411934,0.10323506250366385,0.),(0.9999995436725548,-0.0009553296197073197,0.),(0.9999995436725548,-0.0009553296197073197,0.),(0.9946569870411934,0.10323506250366385,0.),(0.817214458947544,-0.5763336950821748,0.),(0.7221689293892913,-0.6917167320693673,0.),(0.7221689293892913,-0.6917167320693673,0.),(0.817214458947544,-0.5763336950821748,0.),(0.8893220941653559,-0.45728132788180387,0.),(0.817214458947544,-0.5763336950821748,0.),(0.817214458947544,-0.5763336950821748,0.),(0.8893220941653559,-0.45728132788180387,0.),(-0.9882486706267435,0.15285471862024486,0.),(-0.9997961495365582,-0.02019057631352784,0.),(-0.9997961495365582,-0.02019057631352784,0.),(-0.9882486706267435,0.15285471862024486,0.),(-0.9447848469584931,0.32769130741845615,0.),(-0.9882486706267435,0.15285471862024486,0.),(-0.9882486706267435,0.15285471862024486,0.),(-0.9447848469584931,0.32769130741845615,0.),(0.38760898056242665,0.9218238867524298,0.),(0.5120817306320317,0.8589367270951357,0.),(0.38760898056242665,0.9218238867524298,0.),(0.5120817306320317,0.8589367270951357,0.),(0.9769903234900121,0.2132836322995312,0.),(0.9946569870411934,0.10323506250366385,0.),(0.9946569870411934,0.10323506250366385,0.),(0.9769903234900121,0.2132836322995312,0.),(0.9453223709696031,0.3261374172713214,0.),(0.8598493850403663,0.5105477793955271,0.),(0.8598493850403663,0.5105477793955271,0.),(0.9453223709696031,0.3261374172713214,0.),(0.8598493850403663,0.5105477793955271,0.),(0.7345761428927619,0.6785262635247017,0.),(0.7345761428927619,0.6785262635247017,0.),(0.8598493850403663,0.5105477793955271,0.),(-0.9997961495365582,-0.02019057631352784,0.),(-0.9746360240228631,-0.22379593534491413,0.),(-0.9746360240228631,-0.22379593534491413,0.),(-0.9997961495365582,-0.02019057631352784,0.),(-0.9746360240228631,-0.22379593534491413,0.),(-0.9088850097664936,-0.41704680675166556,0.),(-0.9088850097664936,-0.41704680675166556,0.),(-0.9746360240228631,-0.22379593534491413,0.),(-0.9088850097664936,-0.41704680675166556,0.),(-0.8301610356462975,-0.5575236810169295,0.),(-0.8301610356462975,-0.5575236810169295,0.),(-0.9088850097664936,-0.41704680675166556,0.),(0.9882991966281712,0.15252769566249838,0.),(0.9453223709696031,0.3261374172713214,0.),(0.9453223709696031,0.3261374172713214,0.),(0.9882991966281712,0.15252769566249838,0.),(-0.8576732356667385,0.5141951194059969,0.),(-0.9447848469584931,0.32769130741845615,0.),(-0.9447848469584931,0.32769130741845615,0.),(-0.8576732356667385,0.5141951194059969,0.),(0.9752819685766632,-0.22096398296833067,0.),(0.9408475861876066,-0.3388300747645555,0.),(0.9408475861876066,-0.3388300747645555,0.),(0.9752819685766632,-0.22096398296833067,0.),(-0.0008875531940973642,-0.9999996061245864,0.),(-0.12780975406149545,-0.991798702745038,0.),(-0.0008875531940973642,-0.9999996061245864,0.),(-0.12780975406149545,-0.991798702745038,0.),(0.12233197847190952,-0.9924892377467619,0.),(-0.0008875531940973642,-0.9999996061245864,0.),(0.12233197847190952,-0.9924892377467619,0.),(-0.0008875531940973642,-0.9999996061245864,0.),(0.24649919644888388,-0.9691429957184104,0.),(0.12233197847190952,-0.9924892377467619,0.),(0.24649919644888388,-0.9691429957184104,0.),(0.12233197847190952,-0.9924892377467619,0.),(0.5120817306320317,0.8589367270951357,0.),(0.6291972681526775,0.7772456482664974,0.),(0.5120817306320317,0.8589367270951357,0.),(0.6291972681526775,0.7772456482664974,0.),(0.7362866814501166,0.6766697294243142,0.),(0.8266452258336311,0.5627234406051209,0.),(0.8266452258336311,0.5627234406051209,0.),(0.7362866814501166,0.6766697294243142,0.),(0.8266452258336311,0.5627234406051209,0.),(0.8957596329165385,0.44453872726369803,0.),(0.8957596329165385,0.44453872726369803,0.),(0.8266452258336311,0.5627234406051209,0.),(-0.012947889549911789,0.9999161725645823,0.),(0.12580746189129235,0.9920546771889498,0.),(-0.012947889549911789,0.9999161725645823,0.),(0.12580746189129235,0.9920546771889498,0.),(0.12580746189129235,0.9920546771889498,0.),(0.25678560352314495,0.9664683925629717,0.),(0.12580746189129235,0.9920546771889498,0.),(0.25678560352314495,0.9664683925629717,0.),(0.9408475861876066,-0.3388300747645555,0.),(0.8893220941653559,-0.45728132788180387,0.),(0.8893220941653559,-0.45728132788180387,0.),(0.9408475861876066,-0.3388300747645555,0.),(0.6291972681526775,0.7772456482664974,0.),(0.7362866814501166,0.6766697294243142,0.),(0.6291972681526775,0.7772456482664974,0.),(0.7362866814501166,0.6766697294243142,0.),(-0.12780975406149545,-0.991798702745038,0.),(-0.26163236387882916,-0.9651676052226247,0.),(-0.12780975406149545,-0.991798702745038,0.),(-0.26163236387882916,-0.9651676052226247,0.),(-0.39586511141738157,-0.9183086700900217,0.),(-0.5218882328493185,-0.8530138758621781,0.),(-0.39586511141738157,-0.9183086700900217,0.),(-0.5218882328493185,-0.8530138758621781,0.),(-0.8301610356462975,-0.5575236810169295,0.),(-0.7414983772070644,-0.6709546606137334,0.),(-0.7414983772070644,-0.6709546606137334,0.),(-0.8301610356462975,-0.5575236810169295,0.),(-0.6371382701240347,-0.7707495214032589,0.),(-0.7414983772070644,-0.6709546606137334,0.),(-0.6371382701240347,-0.7707495214032589,0.),(-0.7414983772070644,-0.6709546606137334,0.),(-0.26163236387882916,-0.9651676052226247,0.),(-0.39586511141738157,-0.9183086700900217,0.),(-0.26163236387882916,-0.9651676052226247,0.),(-0.39586511141738157,-0.9183086700900217,0.),(0.9999861252731272,0.00526775675575694,0.),(0.9882991966281712,0.15252769566249838,0.),(0.9882991966281712,0.15252769566249838,0.),(0.9999861252731272,0.00526775675575694,0.),(0.6078907658149572,-0.7940206652454991,0.),(0.4866110292734116,-0.8736187418945813,0.),(0.6078907658149572,-0.7940206652454991,0.),(0.4866110292734116,-0.8736187418945813,0.),(0.0002958514360789271,0.9999999562359629,0.),(-0.19223371225305855,0.981349173267807,0.),(0.0002958514360789271,0.9999999562359629,0.),(-0.19223371225305855,0.981349173267807,0.),(0.19272392771065497,0.9812530191993186,0.),(0.0002958514360789271,0.9999999562359629,0.),(0.19272392771065497,0.9812530191993186,0.),(0.0002958514360789271,0.9999999562359629,0.),(0.9908086705656648,-0.13527075933807678,0.),(0.9999861252731272,0.00526775675575694,0.),(0.9999861252731272,0.00526775675575694,0.),(0.9908086705656648,-0.13527075933807678,0.),(0.9519163807811555,-0.3063579670916137,0.),(0.9908086705656648,-0.13527075933807678,0.),(0.9908086705656648,-0.13527075933807678,0.),(0.9519163807811555,-0.3063579670916137,0.),(0.7221689293892913,-0.6917167320693673,0.),(0.6078907658149572,-0.7940206652454991,0.),(0.7221689293892913,-0.6917167320693673,0.),(0.6078907658149572,-0.7940206652454991,0.),(0.7345761428927619,0.6785262635247017,0.),(0.578454045877275,0.8157149727743213,0.),(0.7345761428927619,0.6785262635247017,0.),(0.578454045877275,0.8157149727743213,0.),(0.,-1.,0.),(0.,-1.,0.),(0.,-1.,0.),(0.,-1.,0.),(0.,-1.,0.),(0.,-1.,0.),(0.,-1.,0.),(0.,-1.,0.),(0.9643985522083707,-0.2644530818470427,0.),(0.9643985522083707,-0.2644530818470427,0.),(0.9643985522083707,-0.2644530818470427,0.),(0.9643985522083707,-0.2644530818470427,0.),(-0.9625082715910013,0.27125233108473634,0.),(-0.9672095041928837,0.2539798712476175,0.),(-0.9672095041928837,0.2539798712476175,0.),(-0.9625082715910013,0.27125233108473634,0.),(1.,0.,0.),(1.,0.,0.),(1.,0.,0.),(1.,0.,0.),(0.,0.,1.),(0.,0.,1.),(0.,0.,1.),(0.,0.,1.),(0.,0.,1.),(0.,0.,1.),(0.,0.,1.),(0.,0.,1.),(0.,0.,1.),(0.,0.,1.),(0.9769988877805387,0.21324439799345352,0.),(0.9836499297931796,0.18009113142482358,0.),(0.9836499297931796,0.18009113142482358,0.),(0.9769988877805387,0.21324439799345352,0.),(-0.9731576010320436,0.23013970442658913,0.),(-0.9748015785129227,0.22307371545907045,0.),(-0.9748015785129227,0.22307371545907045,0.),(-0.9731576010320436,0.23013970442658913,0.),(0.9668351110436297,-0.25540138616157154,0.),(0.9633571078061799,-0.268222077464389,0.),(0.9633571078061799,-0.268222077464389,0.),(0.9668351110436297,-0.25540138616157154,0.),(0.9701425001453329,-0.24253562503632958,0.),(0.9668351110436297,-0.25540138616157154,0.),(0.9668351110436297,-0.25540138616157154,0.),(0.9701425001453329,-0.24253562503632958,0.),(-0.9649338002855462,-0.2624933543282454,0.),(-0.9638016856477805,-0.2666201619204687,0.),(-0.9638016856477805,-0.2666201619204687,0.),(-0.9649338002855462,-0.2624933543282454,0.),(0.9741171320751483,0.2260438298155657,0.),(0.9767827016489056,0.21423247596819933,0.),(0.9767827016489056,0.21423247596819933,0.),(0.9741171320751483,0.2260438298155657,0.),(0.,0.,-1.),(0.,0.,-1.),(0.,0.,-1.),(0.,0.,-1.),(0.,0.,-1.),(0.,0.,-1.),(0.,0.,-1.),(0.,0.,-1.),(0.,0.,-1.),(0.,0.,-1.),(0.,0.,-1.),(0.,0.,-1.),(0.,0.,-1.),(0.,0.,-1.),(0.,0.,-1.),(0.,0.,-1.),(0.,0.,-1.),(0.,0.,-1.),(0.,0.,-1.),(0.,0.,-1.),(-0.9672095041928837,0.2539798712476175,0.),(-0.9716008047066287,0.2366260262385175,0.),(-0.9716008047066287,0.2366260262385175,0.),(-0.9672095041928837,0.2539798712476175,0.),(0.,0.,1.),(0.,0.,1.),(0.,0.,1.),(0.,0.,1.),(0.,0.,1.),(0.,0.,1.),(0.,0.,1.),(0.,0.,1.),(0.,0.,1.),(0.,0.,1.),(0.,0.,1.),(0.,0.,1.),(0.,0.,1.),(0.,0.,1.),(0.,0.,1.),(0.,0.,1.),(0.,0.,1.),(0.,0.,1.),(0.,0.,1.),(0.,0.,1.),(-0.5361224862120472,-0.8441402014936934,0.),(-0.2724781561229833,-0.9621619689199004,0.),(-0.5361224862120472,-0.8441402014936934,0.),(-0.2724781561229833,-0.9621619689199004,0.),(-0.7584219831189418,-0.6517638341622919,0.),(-0.5361224862120472,-0.8441402014936934,0.),(-0.7584219831189418,-0.6517638341622919,0.),(-0.5361224862120472,-0.8441402014936934,0.),(-0.989607048477485,0.14379808623093912,0.),(-0.9501115102274097,0.31191043287038495,0.),(-0.9501115102274097,0.31191043287038495,0.),(-0.989607048477485,0.14379808623093912,0.),(-0.9501115102274097,0.31191043287038495,0.),(-0.8675425301753608,0.4973630045921526,0.),(-0.8675425301753608,0.4973630045921526,0.),(-0.9501115102274097,0.31191043287038495,0.),(0.5444171631195075,-0.8388146115208698,0.),(0.7089870822585878,-0.7052214667680322,0.),(0.5444171631195075,-0.8388146115208698,0.),(0.7089870822585878,-0.7052214667680322,0.),(0.7089870822585878,-0.7052214667680322,0.),(0.8581695987356767,-0.5133662823032382,0.),(0.8581695987356767,-0.5133662823032382,0.),(0.7089870822585878,-0.7052214667680322,0.),(-0.8675425301753608,0.4973630045921526,0.),(-0.7411781990788633,0.6713083324450941,0.),(-0.7411781990788633,0.6713083324450941,0.),(-0.8675425301753608,0.4973630045921526,0.),(-0.5817421295538566,0.8133732812811987,0.),(-0.7411781990788633,0.6713083324450941,0.),(-0.5817421295538566,0.8133732812811987,0.),(-0.7411781990788633,0.6713083324450941,0.),(0.8581695987356767,-0.5133662823032382,0.),(0.9519163807811555,-0.3063579670916137,0.),(0.9519163807811555,-0.3063579670916137,0.),(0.8581695987356767,-0.5133662823032382,0.),(0.370770082790638,-0.9287246877882721,0.),(0.5444171631195075,-0.8388146115208698,0.),(0.370770082790638,-0.9287246877882721,0.),(0.5444171631195075,-0.8388146115208698,0.),(0.18338909196229686,-0.9830404065699663,0.),(0.370770082790638,-0.9287246877882721,0.),(0.18338909196229686,-0.9830404065699663,0.),(0.370770082790638,-0.9287246877882721,0.),(0.578454045877275,0.8157149727743213,0.),(0.392800811108307,0.9196235766837736,0.),(0.578454045877275,0.8157149727743213,0.),(0.392800811108307,0.9196235766837736,0.),(0.392800811108307,0.9196235766837736,0.),(0.19272392771065497,0.9812530191993186,0.),(0.392800811108307,0.9196235766837736,0.),(0.19272392771065497,0.9812530191993186,0.),(-0.9079682524707186,-0.41903896299183185,0.),(-0.9807060117051631,-0.19548841041185108,0.),(-0.9807060117051631,-0.19548841041185108,0.),(-0.9079682524707186,-0.41903896299183185,0.),(-0.9807060117051631,-0.19548841041185108,0.),(-0.9999291486926968,-0.011903679880554852,0.),(-0.9999291486926968,-0.011903679880554852,0.),(-0.9807060117051631,-0.19548841041185108,0.),(-0.19223371225305855,0.981349173267807,0.),(-0.3935263597020274,0.9193133329935289,0.),(-0.19223371225305855,0.981349173267807,0.),(-0.3935263597020274,0.9193133329935289,0.),(-0.7584219831189418,-0.6517638341622919,0.),(-0.9079682524707186,-0.41903896299183185,0.),(-0.9079682524707186,-0.41903896299183185,0.),(-0.7584219831189418,-0.6517638341622919,0.),(-0.3935263597020274,0.9193133329935289,0.),(-0.5817421295538566,0.8133732812811987,0.),(-0.3935263597020274,0.9193133329935289,0.),(-0.5817421295538566,0.8133732812811987,0.),(-0.9999291486926968,-0.011903679880554852,0.),(-0.989607048477485,0.14379808623093912,0.),(-0.989607048477485,0.14379808623093912,0.),(-0.9999291486926968,-0.011903679880554852,0.),(-0.9714624054277151,0.23719358094307266,0.),(-0.9731576010320436,0.23013970442658913,0.),(-0.9731576010320436,0.23013970442658913,0.),(-0.9714624054277151,0.23719358094307266,0.),(-0.9665515520007026,-0.256472410455848,0.),(-0.9665515520007026,-0.256472410455848,0.),(-0.9665515520007026,-0.256472410455848,0.),(-0.9665515520007026,-0.256472410455848,0.),(-0.9660482448389756,-0.2583617398987992,0.),(-0.9649338002855462,-0.2624933543282454,0.),(-0.9649338002855462,-0.2624933543282454,0.),(-0.9660482448389756,-0.2583617398987992,0.),(0.,1.,0.),(0.,1.,0.),(0.,1.,0.),(0.,1.,0.),(0.,1.,0.),(0.,1.,0.),(0.,1.,0.),(0.,1.,0.),(0.9622060458243664,0.2723224657993486,0.),(0.965807041701975,0.25926194899923066,0.),(0.965807041701975,0.25926194899923066,0.),(0.9622060458243664,0.2723224657993486,0.),(0.965807041701975,0.25926194899923066,0.),(0.9769988877805387,0.21324439799345352,0.),(0.9769988877805387,0.21324439799345352,0.),(0.965807041701975,0.25926194899923066,0.),(0.9767827016489056,0.21423247596819933,0.),(0.9793050618474799,0.20238971278181062,0.),(0.9793050618474799,0.20238971278181062,0.),(0.9767827016489056,0.21423247596819933,0.),(0.,1.,0.),(0.,1.,0.),(0.,1.,0.),(0.,1.,0.),(0.,1.,0.),(0.,1.,0.),(0.,1.,0.),(0.,1.,0.),(-1.,0.,0.),(-1.,0.,0.),(-1.,0.,0.),(-1.,0.,0.),(-1.,0.,0.),(-1.,0.,0.),(-1.,0.,0.),(-1.,0.,0.),(0.,-1.,0.),(0.,-1.,0.),(0.,-1.,0.),(0.,-1.,0.),(0.,1.,0.),(0.,1.,0.),(0.,1.,0.),(0.,1.,0.),(0.8311604628836111,0.5560326293834755,0.),(0.8311604628836111,0.5560326293834755,0.),(0.8311604628836111,0.5560326293834755,0.),(0.8311604628836111,0.5560326293834755,0.),(0.,0.,-1.),(0.,0.,-1.),(0.,0.,-1.),(0.,0.,-1.),(0.,0.,-1.),(0.,0.,-1.),(0.,0.,-1.),(0.,0.,-1.),(0.,0.,-1.),(0.,0.,-1.),(0.,-1.,0.),(0.,-1.,0.),(0.,-1.,0.),(0.,-1.,0.),(-0.8313835216090105,-0.5556990552421339,0.),(-0.8313835216090105,-0.5556990552421339,0.),(-0.8313835216090105,-0.5556990552421339,0.),(-0.8313835216090105,-0.5556990552421339,0.),(1.,0.,0.),(1.,0.,0.),(1.,0.,0.),(1.,0.,0.),(0.9807852652994644,-0.19509039794787292,0.),(0.9951847119559052,-0.09801728974646383,0.),(0.9951847119559052,-0.09801728974646383,0.),(0.9807852652994644,-0.19509039794787292,0.),(-0.8314696169329316,0.5555702260897393,0.),(-0.7071067811865489,0.7071067811865461,0.),(-0.7071067811865489,0.7071067811865461,0.),(-0.8314696169329316,0.5555702260897393,0.),(-0.5555702260896939,0.8314696169329622,0.),(-0.7071067811865489,0.7071067811865461,0.),(-0.5555702260896939,0.8314696169329622,0.),(-0.7071067811865489,0.7071067811865461,0.),(0.,0.,-1.),(0.,0.,-1.),(0.,0.,-1.),(0.,0.,-1.),(0.,0.,-1.),(0.,0.,-1.),(0.,0.,-1.),(0.,0.,-1.),(0.,0.,-1.),(0.,0.,-1.),(0.,0.,-1.),(0.,0.,-1.),(0.,0.,-1.),(0.,0.,-1.),(0.,0.,-1.),(0.,0.,-1.),(0.,0.,-1.),(0.,0.,-1.),(1.8858807962836784E-33,-1.6032830017092906E-33,1.),(1.8858807962836784E-33,-1.6032830017092906E-33,1.),(1.8858807962836784E-33,-1.6032830017092906E-33,1.),(1.8858807962836784E-33,-1.6032830017092906E-33,1.),(1.8858807962836784E-33,-1.6032830017092906E-33,1.),(1.8858807962836784E-33,-1.6032830017092906E-33,1.),(1.8858807962836784E-33,-1.6032830017092906E-33,1.),(1.8858807962836784E-33,-1.6032830017092906E-33,1.),(1.8858807962836784E-33,-1.6032830017092906E-33,1.),(1.8858807962836784E-33,-1.6032830017092906E-33,1.),(1.8858807962836784E-33,-1.6032830017092906E-33,1.),(1.8858807962836784E-33,-1.6032830017092906E-33,1.),(1.8858807962836784E-33,-1.6032830017092906E-33,1.),(1.8858807962836784E-33,-1.6032830017092906E-33,1.),(1.8858807962836784E-33,-1.6032830017092906E-33,1.),(1.8858807962836784E-33,-1.6032830017092906E-33,1.),(1.8858807962836784E-33,-1.6032830017092906E-33,1.),(1.8858807962836784E-33,-1.6032830017092906E-33,1.),(1.,0.,0.),(1.,0.,0.),(1.,0.,0.),(1.,0.,0.),(0.38268349542964936,-0.9238795063890886,0.),(0.555570226089786,-0.8314696169329004,0.),(0.38268349542964936,-0.9238795063890886,0.),(0.555570226089786,-0.8314696169329004,0.),(0.19509039794791153,-0.9807852652994568,0.),(0.38268349542964936,-0.9238795063890886,0.),(0.19509039794791153,-0.9807852652994568,0.),(0.38268349542964936,-0.9238795063890886,0.),(0.09801728974643438,-0.9951847119559081,0.),(0.19509039794791153,-0.9807852652994568,0.),(0.09801728974643438,-0.9951847119559081,0.),(0.19509039794791153,-0.9807852652994568,0.),(-0.38268349542963814,0.9238795063890931,0.),(-0.5555702260896939,0.8314696169329622,0.),(-0.38268349542963814,0.9238795063890931,0.),(-0.5555702260896939,0.8314696169329622,0.),(0.,-1.,0.),(0.,-1.,0.),(0.,-1.,0.),(0.,-1.,0.),(-0.9238795063891102,0.38268349542959684,0.),(-0.8314696169329316,0.5555702260897393,0.),(-0.8314696169329316,0.5555702260897393,0.),(-0.9238795063891102,0.38268349542959684,0.),(-0.19509039794789132,0.9807852652994606,0.),(-0.09801728974637888,0.9951847119559135,0.),(-0.19509039794789132,0.9807852652994606,0.),(-0.09801728974637888,0.9951847119559135,0.),(-0.98078526529947,0.19509039794784488,0.),(-0.9951847119559265,0.09801728974624783,0.),(-0.9951847119559265,0.09801728974624783,0.),(-0.98078526529947,0.19509039794784488,0.),(0.9238795063891059,-0.3826834954296072,0.),(0.9807852652994644,-0.19509039794787292,0.),(0.9807852652994644,-0.19509039794787292,0.),(0.9238795063891059,-0.3826834954296072,0.),(0.7071067811865351,-0.70710678118656,0.),(0.8314696169328859,-0.5555702260898077,0.),(0.8314696169328859,-0.5555702260898077,0.),(0.7071067811865351,-0.70710678118656,0.),(0.8314696169328859,-0.5555702260898077,0.),(0.9238795063891059,-0.3826834954296072,0.),(0.9238795063891059,-0.3826834954296072,0.),(0.8314696169328859,-0.5555702260898077,0.),(-0.9238795497362213,0.3826833907804165,0.),(-0.98078526529947,0.19509039794784488,0.),(-0.98078526529947,0.19509039794784488,0.),(-0.9238795497362213,0.3826833907804165,0.),(-0.7071067811865286,0.7071067811865666,0.),(-0.5555702179389774,0.8314696223790966,0.),(-0.7071067811865286,0.7071067811865666,0.),(-0.5555702179389774,0.8314696223790966,0.),(-0.7071067811865286,0.7071067811865666,0.),(-0.8314696223790744,0.5555702179390106,0.),(-0.8314696223790744,0.5555702179390106,0.),(-0.7071067811865286,0.7071067811865666,0.),(-0.8314696223790744,0.5555702179390106,0.),(-0.9238795497362213,0.3826833907804165,0.),(-0.9238795497362213,0.3826833907804165,0.),(-0.8314696223790744,0.5555702179390106,0.),(-0.3826833907803875,0.9238795497362333,0.),(-0.19509039794789132,0.9807852652994606,0.),(-0.3826833907803875,0.9238795497362333,0.),(-0.19509039794789132,0.9807852652994606,0.),(-0.5555702179389774,0.8314696223790966,0.),(-0.3826833907803875,0.9238795497362333,0.),(-0.5555702179389774,0.8314696223790966,0.),(-0.3826833907803875,0.9238795497362333,0.),(0.555570226089786,-0.8314696169329004,0.),(0.7071067811865351,-0.70710678118656,0.),(0.555570226089786,-0.8314696169329004,0.),(0.7071067811865351,-0.70710678118656,0.),(0.,0.,-1.),(0.,0.,-1.),(0.,0.,-1.),(0.,0.,-1.),(0.,0.,-1.),(0.,0.,-1.),(0.,0.,-1.),(0.,0.,-1.),(0.,0.,-1.),(0.,0.,-1.),(0.,0.,-1.),(0.,0.,-1.),(0.,0.,-1.),(0.,0.,-1.),(0.,0.,-1.),(0.,0.,-1.),(0.,0.,-1.),(0.,0.,-1.),(0.,0.,-1.),(0.,0.,-1.),(0.,0.,-1.),(0.,0.,-1.),(0.,0.,-1.),(0.,0.,-1.),(0.,0.,-1.),(0.,0.,-1.),(0.,0.,-1.),(0.,0.,-1.),(0.,0.,-1.),(0.,0.,-1.),(0.,0.,-1.),(0.,0.,-1.),(0.,0.,-1.),(0.,0.,-1.),(0.,0.,-1.),(0.,0.,-1.),(0.,0.,-1.),(0.,0.,-1.),(0.,0.,-1.),(0.,0.,-1.),(0.,0.,-1.),(0.,0.,-1.),(0.,0.,-1.),(0.,0.,-1.),(0.,0.,-1.),(0.,0.,-1.),(0.,0.,-1.),(0.,0.,-1.),(0.,0.,-1.),(0.,0.,-1.),(0.,0.,-1.),(0.,0.,-1.),(0.,0.,-1.),(0.,0.,-1.),(0.,0.,-1.),(0.,0.,-1.),(0.,0.,-1.),(0.,0.,-1.),(0.,0.,-1.),(0.,0.,-1.),(0.,0.,-1.),(0.,0.,-1.),(0.,0.,-1.),(0.,0.,-1.),(0.,0.,-1.),(0.,0.,-1.),(0.,0.,-1.),(0.,0.,-1.),(0.,0.,-1.),(0.,0.,-1.),(0.,0.,-1.),(0.,0.,-1.),(0.,0.,1.),(0.,0.,1.),(0.,0.,1.),(0.,0.,1.),(0.,0.,1.),(0.,0.,1.),(0.,0.,1.),(0.,0.,1.),(0.,0.,1.),(0.,0.,1.),(0.,0.,1.),(0.,0.,1.),(0.,0.,1.),(0.,0.,1.),(0.,0.,1.),(0.,0.,1.),(0.,0.,1.),(0.,0.,1.),(0.,0.,1.),(0.,0.,1.),(0.,0.,1.),(0.,0.,1.),(0.,0.,1.),(0.,0.,1.),(0.,0.,1.),(0.,0.,1.),(0.,0.,1.),(0.,0.,1.),(0.,0.,1.),(0.,0.,1.),(0.,0.,1.),(0.,0.,1.),(0.,0.,1.),(0.,0.,1.),(0.,0.,1.),(0.,0.,1.),(0.,0.,1.),(0.,0.,1.),(0.,0.,1.),(0.,0.,1.),(0.,0.,1.),(0.,0.,1.),(0.,0.,1.),(0.,0.,1.),(0.,0.,1.),(0.,0.,1.),(0.,0.,1.),(0.,0.,1.),(0.,0.,1.),(0.,0.,1.),(0.,0.,1.),(0.,0.,1.),(0.,0.,1.),(0.,0.,1.),(0.,0.,1.),(0.,0.,1.),(0.,0.,1.),(0.,0.,1.),(0.,0.,1.),(0.,0.,1.),(0.,0.,1.),(0.,0.,1.),(0.,0.,1.),(0.,0.,1.),(0.,0.,1.),(0.,0.,1.),(0.,0.,1.),(0.,0.,1.),(0.,0.,1.),(0.,0.,1.),(0.,0.,1.),(0.,0.,1.),(0.,0.,-1.),(0.,0.,-1.),(0.,0.,-1.),(0.,0.,-1.),(0.,0.,1.),(0.,0.,1.),(0.,0.,1.),(0.,0.,1.),(0.,-1.,0.),(0.,-1.,0.),(0.,-1.,0.),(0.,-1.,0.),(-1.,0.,0.),(-1.,0.,0.),(-1.,0.,0.),(-1.,0.,0.),(0.,1.,0.),(0.,1.,0.),(0.,1.,0.),(0.,1.,0.),(1.,0.,0.),(1.,0.,0.),(1.,0.,0.),(1.,0.,0.),(0.,0.,-1.),(0.,0.,-1.),(0.,0.,-1.),(0.,0.,-1.),(0.,0.,-1.),(0.,0.,-1.),(0.,0.,-1.),(0.,0.,-1.),(0.,0.,-1.),(0.,0.,-1.),(0.,0.,-1.),(0.,0.,-1.),(0.,0.,-1.),(0.,0.,-1.),(0.,0.,-1.),(0.,0.,-1.),(0.,0.,-1.),(0.,0.,-1.),(0.,0.,-1.),(0.,0.,-1.),(0.,0.,-1.),(0.,0.,-1.),(0.,0.,-1.),(0.,0.,-1.),(0.,0.,-1.),(0.,0.,-1.),(0.,0.,-1.),(0.,0.,-1.),(0.,0.,-1.),(0.,0.,-1.),(0.,0.,-1.),(0.,0.,-1.),(0.,0.,-1.),(0.,0.,-1.),(0.,0.,-1.),(0.,0.,-1.),(0.,0.,-1.),(0.,0.,-1.),(0.,0.,-1.),(0.,0.,-1.),(0.,0.,-1.),(0.,0.,-1.),(0.,0.,-1.),(0.,0.,-1.),(0.,0.,-1.),(0.,0.,-1.),(0.,0.,-1.),(0.,0.,-1.),(0.,0.,-1.),(0.,0.,-1.),(0.,0.,-1.),(0.,0.,-1.),(0.,0.,-1.),(0.,0.,-1.),(0.,0.,-1.),(0.,0.,-1.),(0.,0.,-1.),(0.,0.,-1.),(0.,0.,-1.),(0.,0.,-1.),(0.,0.,-1.),(0.,0.,-1.),(0.,0.,-1.),(0.,0.,-1.),(0.,0.,-1.),(0.,0.,-1.),(0.,0.,-1.),(0.,0.,-1.),(0.,0.,-1.),(0.,0.,-1.),(0.,0.,1.),(0.,0.,1.),(0.,0.,1.),(0.,0.,1.),(0.,0.,1.),(0.,0.,1.),(0.,0.,1.),(0.,0.,1.),(0.,0.,1.),(0.,0.,1.),(0.,0.,1.),(0.,0.,1.),(0.,0.,1.),(0.,0.,1.),(0.,0.,1.),(0.,0.,1.),(0.,0.,1.),(0.,0.,1.),(0.,0.,1.),(0.,0.,1.),(0.,0.,1.),(0.,0.,1.),(0.,0.,1.),(0.,0.,1.),(0.,0.,1.),(0.,0.,1.),(0.,0.,1.),(0.,0.,1.),(0.,0.,1.),(0.,0.,1.),(0.,0.,1.),(0.,0.,1.),(0.,0.,1.),(0.,0.,1.),(0.,0.,1.),(0.,0.,1.),(0.,0.,1.),(0.,0.,1.),(0.,0.,1.),(0.,0.,1.),(0.,0.,1.),(0.,0.,1.),(0.,0.,1.),(0.,0.,1.),(0.,0.,1.),(0.,0.,1.),(0.,0.,1.),(0.,0.,1.),(0.,0.,1.),(0.,0.,1.),(0.,0.,1.),(0.,0.,1.),(0.,0.,1.),(0.,0.,1.),(0.,0.,1.),(0.,0.,1.),(0.,0.,1.),(0.,0.,1.),(0.,0.,1.),(0.,0.,1.),(0.,0.,1.),(0.,0.,1.),(0.,0.,1.),(0.,0.,1.),(0.,0.,1.),(0.,0.,1.),(0.,0.,1.),(0.,0.,1.),(0.,0.,1.),(0.,0.,1.),(-0.08709942068020388,0.9961996240298292,0.),(-0.08709942068020388,0.9961996240298292,0.),(-0.08709942068020388,0.9961996240298292,0.),(-0.08709942068020388,0.9961996240298292,0.),(0.9774618285571268,0.21111223013780628,0.),(0.9455208071073157,0.3255616736152011,0.),(0.9455208071073157,0.3255616736152011,0.),(0.9774618285571268,0.21111223013780628,0.),(0.9455208071073157,0.3255616736152011,0.),(0.82228120474033,0.5690813828713708,0.),(0.82228120474033,0.5690813828713708,0.),(0.9455208071073157,0.3255616736152011,0.),(0.82228120474033,0.5690813828713708,0.),(0.618991963670469,0.7853973191394131,0.),(0.618991963670469,0.7853973191394131,0.),(0.82228120474033,0.5690813828713708,0.),(0.618991963670469,0.7853973191394131,0.),(0.3996723632402599,0.9166580616903697,0.),(0.618991963670469,0.7853973191394131,0.),(0.3996723632402599,0.9166580616903697,0.),(0.3996723632402599,0.9166580616903697,0.),(0.19339585438116996,0.9811208098436082,0.),(0.3996723632402599,0.9166580616903697,0.),(0.19339585438116996,0.9811208098436082,0.),(0.19339585438116996,0.9811208098436082,0.),(0.006270084827264089,0.9999803428249272,0.),(0.19339585438116996,0.9811208098436082,0.),(0.006270084827264089,0.9999803428249272,0.),(0.006270084827264089,0.9999803428249272,0.),(-0.1706379345644615,0.9853337989166792,0.),(0.006270084827264089,0.9999803428249272,0.),(-0.1706379345644615,0.9853337989166792,0.),(-0.1706379345644615,0.9853337989166792,0.),(-0.36619292031781997,0.930538954106225,0.),(-0.1706379345644615,0.9853337989166792,0.),(-0.36619292031781997,0.930538954106225,0.),(-0.36619292031781997,0.930538954106225,0.),(-0.5897177588229777,0.8076094135959565,0.),(-0.36619292031781997,0.930538954106225,0.),(-0.5897177588229777,0.8076094135959565,0.),(-0.5897177588229777,0.8076094135959565,0.),(-0.8042639065180913,0.5942723017878747,0.),(-0.5897177588229777,0.8076094135959565,0.),(-0.8042639065180913,0.5942723017878747,0.),(-0.9500076370258789,0.3122266638077316,0.),(-0.8042639065180913,0.5942723017878747,0.),(-0.8042639065180913,0.5942723017878747,0.),(-0.9500076370258789,0.3122266638077316,0.),(-0.999998131781137,0.001932985834453788,0.),(-0.9500076370258789,0.3122266638077316,0.),(-0.9500076370258789,0.3122266638077316,0.),(-0.999998131781137,0.001932985834453788,0.),(-0.9482459825263331,-0.31753670122155864,0.),(-0.999998131781137,0.001932985834453788,0.),(-0.999998131781137,0.001932985834453788,0.),(-0.9482459825263331,-0.31753670122155864,0.),(-0.7856441637606142,-0.6186786305901356,0.),(-0.9482459825263331,-0.31753670122155864,0.),(-0.9482459825263331,-0.31753670122155864,0.),(-0.7856441637606142,-0.6186786305901356,0.),(-0.7856441637606142,-0.6186786305901356,0.),(-0.5602022188465279,-0.8283558860776129,0.),(-0.7856441637606142,-0.6186786305901356,0.),(-0.5602022188465279,-0.8283558860776129,0.),(-0.5602022188465279,-0.8283558860776129,0.),(-0.35572378115320674,-0.9345911360172776,5.525978220010001E-31),(-0.5602022188465279,-0.8283558860776129,0.),(-0.35572378115320674,-0.9345911360172776,5.525978220010001E-31),(-0.35572378115320674,-0.9345911360172776,5.525978220010001E-31),(-0.26435381846863887,-0.964425766278074,1.1000904274438964E-30),(-0.35572378115320674,-0.9345911360172776,5.525978220010001E-31),(-0.31792071801850086,-0.9481173013159294,5.509088677023133E-31),(-0.31792071801850086,-0.9481173013159294,5.509088677023133E-31),(-0.26435381846863887,-0.964425766278074,1.1000904274438964E-30),(-0.31792071801850086,-0.9481173013159294,5.509088677023133E-31),(-0.4669255000030771,-0.8842966569239514,0.),(-0.31792071801850086,-0.9481173013159294,5.509088677023133E-31),(-0.4669255000030771,-0.8842966569239514,0.),(-0.4669255000030771,-0.8842966569239514,0.),(-0.6627300222149948,-0.7488584096175408,0.),(-0.4669255000030771,-0.8842966569239514,0.),(-0.6627300222149948,-0.7488584096175408,0.),(-0.8433903094801822,-0.5373013920277173,0.),(-0.6627300222149948,-0.7488584096175408,0.),(-0.6627300222149948,-0.7488584096175408,0.),(-0.8433903094801822,-0.5373013920277173,0.),(-0.9619276929535128,-0.27330406789715506,0.),(-0.8433903094801822,-0.5373013920277173,0.),(-0.8433903094801822,-0.5373013920277173,0.),(-0.9619276929535128,-0.27330406789715506,0.),(-0.9999804818049974,0.006247880364198881,0.),(-0.9619276929535128,-0.27330406789715506,0.),(-0.9619276929535128,-0.27330406789715506,0.),(-0.9999804818049974,0.006247880364198881,0.),(-0.9572996684082709,0.2890974660307744,0.),(-0.9999804818049974,0.006247880364198881,0.),(-0.9999804818049974,0.006247880364198881,0.),(-0.9572996684082709,0.2890974660307744,0.),(-0.8306807534286091,0.5567490331228951,0.),(-0.9572996684082709,0.2890974660307744,0.),(-0.9572996684082709,0.2890974660307744,0.),(-0.8306807534286091,0.5567490331228951,0.),(-0.6269838321900799,0.779032267734939,0.),(-0.8306807534286091,0.5567490331228951,0.),(-0.8306807534286091,0.5567490331228951,0.),(-0.6269838321900799,0.779032267734939,0.),(-0.6269838321900799,0.779032267734939,0.),(-0.39405829076990984,0.9190854494961267,0.),(-0.6269838321900799,0.779032267734939,0.),(-0.39405829076990984,0.9190854494961267,0.),(-0.39405829076990984,0.9190854494961267,0.),(-0.18580751544945262,0.9825861627371422,0.),(-0.39405829076990984,0.9190854494961267,0.),(-0.18580751544945262,0.9825861627371422,0.),(-0.18580751544945262,0.9825861627371422,0.),(-0.0014495197728581503,0.9999989494456624,0.),(-0.18580751544945262,0.9825861627371422,0.),(-0.0014495197728581503,0.9999989494456624,0.),(-0.0014495197728581503,0.9999989494456624,0.),(0.18439541958058675,0.9828521400687388,0.),(-0.0014495197728581503,0.9999989494456624,0.),(0.18439541958058675,0.9828521400687388,0.),(0.18439541958058675,0.9828521400687388,0.),(0.397653234982458,0.9175357784348174,0.),(0.18439541958058675,0.9828521400687388,0.),(0.397653234982458,0.9175357784348174,0.),(0.397653234982458,0.9175357784348174,0.),(0.6311132446113388,0.7756907067099287,0.),(0.397653234982458,0.9175357784348174,0.),(0.6311132446113388,0.7756907067099287,0.),(0.6311132446113388,0.7756907067099287,0.),(0.8310893844718592,0.5561388630712533,0.),(0.8310893844718592,0.5561388630712533,0.),(0.6311132446113388,0.7756907067099287,0.),(0.8310893844718592,0.5561388630712533,0.),(0.9540840705660083,0.29953895621804594,0.),(0.9540840705660083,0.29953895621804594,0.),(0.8310893844718592,0.5561388630712533,0.),(0.9540840705660083,0.29953895621804594,0.),(0.9862299090912843,0.16538006655518403,0.),(0.9862299090912843,0.16538006655518403,0.),(0.9540840705660083,0.29953895621804594,0.),(0.07505650511901447,-0.9971792822954755,0.),(0.07505650511901447,-0.9971792822954755,0.),(0.07505650511901447,-0.9971792822954755,0.),(0.07505650511901447,-0.9971792822954755,0.),(-0.9176891922159813,-0.3972990642953742,0.),(-0.9655584237881841,-0.2601863375576772,0.),(-0.9655584237881841,-0.2601863375576772,0.),(-0.9176891922159813,-0.3972990642953742,0.),(-0.7878441680336847,-0.6158746356973238,0.),(-0.9176891922159813,-0.3972990642953742,0.),(-0.9176891922159813,-0.3972990642953742,0.),(-0.7878441680336847,-0.6158746356973238,0.),(-0.6319969860598306,-0.7749708443620899,0.),(-0.7878441680336847,-0.6158746356973238,0.),(-0.7878441680336847,-0.6158746356973238,0.),(-0.6319969860598306,-0.7749708443620899,0.),(-0.6319969860598306,-0.7749708443620899,0.),(-0.4492259604736119,-0.8934181755687317,0.),(-0.6319969860598306,-0.7749708443620899,0.),(-0.4492259604736119,-0.8934181755687317,0.),(-0.4492259604736119,-0.8934181755687317,0.),(-0.23786759998517135,-0.9712975882175836,0.),(-0.4492259604736119,-0.8934181755687317,0.),(-0.23786759998517135,-0.9712975882175836,0.),(-0.23786759998517135,-0.9712975882175836,0.),(-0.006729681688991534,-0.9999773554357945,0.),(-0.23786759998517135,-0.9712975882175836,0.),(-0.006729681688991534,-0.9999773554357945,0.),(-0.006729681688991534,-0.9999773554357945,0.),(0.21785673822142915,-0.9759807588326319,0.),(-0.006729681688991534,-0.9999773554357945,0.),(0.21785673822142915,-0.9759807588326319,0.),(0.21785673822142915,-0.9759807588326319,0.),(0.426740401850111,-0.9043741645075924,0.),(0.21785673822142915,-0.9759807588326319,0.),(0.426740401850111,-0.9043741645075924,0.),(0.426740401850111,-0.9043741645075924,0.),(0.6499756897148813,-0.7599550004965191,0.),(0.426740401850111,-0.9043741645075924,0.),(0.6499756897148813,-0.7599550004965191,0.),(0.6499756897148813,-0.7599550004965191,0.),(0.8920265571908663,-0.45198298780619,0.),(0.8920265571908663,-0.45198298780619,0.),(0.6499756897148813,-0.7599550004965191,0.),(0.8920265571908663,-0.45198298780619,0.),(0.9998122896310956,-0.019374867809258792,0.),(0.9998122896310956,-0.019374867809258792,0.),(0.8920265571908663,-0.45198298780619,0.),(0.9998122896310956,-0.019374867809258792,0.),(0.9150023212001752,0.40344857441598614,0.),(0.9150023212001752,0.40344857441598614,0.),(0.9998122896310956,-0.019374867809258792,0.),(0.9150023212001752,0.40344857441598614,0.),(0.6471347723667976,0.7623756202776772,0.),(0.6471347723667976,0.7623756202776772,0.),(0.9150023212001752,0.40344857441598614,0.),(0.6471347723667976,0.7623756202776772,0.),(0.36235316167200854,0.93204087154282,0.),(0.6471347723667976,0.7623756202776772,0.),(0.36235316167200854,0.93204087154282,0.),(0.36235316167200854,0.93204087154282,0.),(0.2550849049142149,0.9669186580498412,0.),(0.36235316167200854,0.93204087154282,0.),(0.2550849049142149,0.9669186580498412,0.),(0.2550849049142149,0.9669186580498412,0.),(0.28595039760148855,0.9582444208611657,0.),(0.2550849049142149,0.9669186580498412,0.),(0.28595039760148855,0.9582444208611657,0.),(0.28595039760148855,0.9582444208611657,0.),(0.42364706687595166,0.9058273360455641,0.),(0.28595039760148855,0.9582444208611657,0.),(0.42364706687595166,0.9058273360455641,0.),(0.42364706687595166,0.9058273360455641,0.),(0.6276382490359698,0.7785051241623668,0.),(0.42364706687595166,0.9058273360455641,0.),(0.6276382490359698,0.7785051241623668,0.),(0.6276382490359698,0.7785051241623668,0.),(0.8269599887954417,0.5622607730683717,0.),(0.8269599887954417,0.5622607730683717,0.),(0.6276382490359698,0.7785051241623668,0.),(0.8269599887954417,0.5622607730683717,0.),(0.9588699203284513,0.2838458664298454,0.),(0.9588699203284513,0.2838458664298454,0.),(0.8269599887954417,0.5622607730683717,0.),(0.9588699203284513,0.2838458664298454,0.),(0.9999875508055405,-0.004989813016214063,0.),(0.9999875508055405,-0.004989813016214063,0.),(0.9588699203284513,0.2838458664298454,0.),(0.9999875508055405,-0.004989813016214063,0.),(0.957401173102709,-0.2887611361342741,0.),(0.957401173102709,-0.2887611361342741,0.),(0.9999875508055405,-0.004989813016214063,0.),(0.957401173102709,-0.2887611361342741,0.),(0.835029876011192,-0.5502046039145194,0.),(0.835029876011192,-0.5502046039145194,0.),(0.957401173102709,-0.2887611361342741,0.),(0.835029876011192,-0.5502046039145194,0.),(0.644888194762835,-0.7642769238015314,0.),(0.644888194762835,-0.7642769238015314,0.),(0.835029876011192,-0.5502046039145194,0.),(0.644888194762835,-0.7642769238015314,0.),(0.42113746186410883,-0.9069968237070384,0.),(0.644888194762835,-0.7642769238015314,0.),(0.42113746186410883,-0.9069968237070384,0.),(0.42113746186410883,-0.9069968237070384,0.),(0.202992057833538,-0.9791803840235496,0.),(0.42113746186410883,-0.9069968237070384,0.),(0.202992057833538,-0.9791803840235496,0.),(0.202992057833538,-0.9791803840235496,0.),(0.008487459676545215,-0.9999639808654306,0.),(0.202992057833538,-0.9791803840235496,0.),(0.008487459676545215,-0.9999639808654306,0.),(0.008487459676545215,-0.9999639808654306,0.),(-0.17916273136199512,-0.9838194527914711,0.),(0.008487459676545215,-0.9999639808654306,0.),(-0.17916273136199512,-0.9838194527914711,0.),(-0.17916273136199512,-0.9838194527914711,0.),(-0.40107835149177207,-0.9160437522109098,0.),(-0.17916273136199512,-0.9838194527914711,0.),(-0.40107835149177207,-0.9160437522109098,0.),(-0.40107835149177207,-0.9160437522109098,0.),(-0.6388336480978726,-0.7693448966867615,0.),(-0.40107835149177207,-0.9160437522109098,0.),(-0.6388336480978726,-0.7693448966867615,0.),(-0.8340779567171348,-0.5516465916858089,0.),(-0.6388336480978726,-0.7693448966867615,0.),(-0.6388336480978726,-0.7693448966867615,0.),(-0.8340779567171348,-0.5516465916858089,0.),(-0.9557741620484655,-0.29410160006459296,0.),(-0.8340779567171348,-0.5516465916858089,0.),(-0.8340779567171348,-0.5516465916858089,0.),(-0.9557741620484655,-0.29410160006459296,0.),(-0.9876333514957574,-0.15678125848856422,0.),(-0.9557741620484655,-0.29410160006459296,0.),(-0.9557741620484655,-0.29410160006459296,0.),(-0.9876333514957574,-0.15678125848856422,0.)),$,((1,2,3),(2,1,4),(5,6,7),(6,5,8),(8,5,9),(9,5,10),(9,10,11),(11,10,12),(12,10,13),(12,13,14),(14,13,15),(15,13,16),(16,13,17),(16,17,18),(18,17,19),(19,17,20),(19,20,21),(19,21,22),(23,24,25),(24,23,26),(27,28,29),(28,27,30),(31,32,33),(32,31,34),(35,36,37),(36,35,38),(39,40,41),(40,39,42),(40,42,43),(40,43,44),(44,43,45),(44,45,46),(44,46,47),(47,46,48),(47,48,49),(47,49,50),(47,50,51),(51,50,52),(51,52,53),(51,53,54),(54,53,55),(55,53,56),(57,58,59),(58,57,60),(61,62,63),(62,61,64),(65,66,67),(66,65,68),(69,70,71),(70,69,72),(73,74,75),(74,73,76),(77,78,79),(78,77,80),(81,82,83),(82,81,84),(85,86,87),(86,85,88),(89,90,91),(90,89,92),(93,94,95),(94,93,96),(97,98,99),(98,97,100),(101,102,103),(102,101,104),(105,106,107),(106,105,108),(109,110,111),(110,109,112),(113,114,115),(114,113,116),(117,118,119),(118,117,120),(121,122,123),(122,121,124),(125,126,127),(126,125,128),(129,130,131),(130,129,132),(133,134,135),(134,133,136),(137,138,139),(138,137,140),(141,142,143),(142,141,144),(145,146,147),(146,145,148),(149,150,151),(150,149,152),(153,154,155),(154,153,156),(157,158,159),(158,157,160),(161,162,163),(162,161,164),(165,166,167),(166,165,168),(169,170,171),(170,169,172),(173,174,175),(174,173,176),(177,178,179),(178,177,180),(181,182,183),(182,181,184),(185,186,187),(186,185,188),(189,190,191),(190,189,192),(193,194,195),(194,193,196),(197,198,199),(198,197,200),(201,202,203),(202,201,204),(205,206,207),(206,205,208),(209,210,211),(210,209,212),(213,214,215),(214,213,216),(217,218,219),(218,217,220),(221,222,223),(222,221,224),(225,226,227),(226,225,228),(229,230,231),(230,229,232),(233,234,235),(234,233,236),(237,238,239),(238,237,240),(241,242,243),(242,241,244),(245,246,247),(246,245,248),(249,250,251),(250,249,252),(253,254,255),(254,253,256),(257,258,259),(258,257,260),(261,262,263),(262,261,264),(265,266,267),(266,265,268),(269,270,271),(270,269,272),(273,274,275),(274,273,276),(277,278,279),(278,277,280),(281,282,283),(282,281,284),(285,286,287),(286,285,288),(289,290,291),(290,289,292),(293,294,295),(294,293,296),(297,298,299),(298,297,300),(301,302,303),(302,301,304),(305,306,307),(306,305,308),(309,310,311),(310,309,312),(313,314,315),(314,313,316),(317,318,319),(318,317,320),(321,322,323),(322,321,324),(325,326,327),(326,325,328),(326,328,329),(329,328,330),(329,330,331),(331,330,332),(331,333,334),(333,331,332),(335,336,337),(336,335,338),(339,340,341),(340,339,342),(343,344,345),(344,343,346),(347,348,349),(348,347,350),(351,352,353),(352,351,354),(355,356,357),(356,355,358),(359,360,361),(360,359,362),(360,362,363),(360,363,364),(364,363,365),(364,365,366),(364,366,367),(367,366,368),(368,366,369),(368,369,370),(370,369,371),(371,369,372),(371,372,373),(371,373,374),(371,374,375),(375,374,376),(375,376,377),(375,377,378),(379,380,381),(380,379,382),(383,384,385),(384,383,386),(386,383,387),(387,383,388),(387,388,389),(389,388,390),(390,388,391),(390,391,392),(390,392,393),(393,392,394),(393,394,395),(393,395,396),(396,395,397),(397,395,398),(398,395,399),(398,399,400),(400,399,401),(401,399,402),(403,404,405),(404,403,406),(407,408,409),(408,407,410),(411,412,413),(412,411,414),(415,416,417),(416,415,418),(419,420,421),(420,419,422),(423,424,425),(424,423,426),(427,428,429),(428,427,430),(431,432,433),(432,431,434),(435,436,437),(436,435,438),(439,440,441),(440,439,442),(443,444,445),(444,443,446),(447,448,449),(448,447,450),(451,452,453),(452,451,454),(455,456,457),(456,455,458),(459,460,461),(460,459,462),(463,464,465),(464,463,466),(467,468,469),(468,467,470),(471,472,473),(472,471,474),(475,476,477),(476,475,478),(479,480,481),(480,479,482),(483,484,485),(484,483,486),(487,488,489),(488,487,490),(491,492,493),(492,491,494),(495,496,497),(496,495,498),(499,500,501),(500,499,502),(503,504,505),(504,503,506),(507,508,509),(508,507,510),(511,512,513),(512,511,514),(515,516,517),(516,515,518),(519,520,521),(520,519,522),(523,524,525),(524,523,526),(527,528,529),(528,527,530),(531,532,533),(532,531,534),(535,536,537),(536,535,538),(539,540,541),(540,539,542),(543,544,545),(544,543,546),(546,543,547),(547,543,540),(547,540,542),(548,544,546),(549,550,551),(550,549,552),(553,554,555),(554,553,556),(557,558,559),(558,557,560),(561,562,563),(562,561,564),(565,566,567),(566,565,568),(569,570,571),(570,569,572),(573,574,575),(574,573,576),(574,576,577),(574,577,578),(574,578,579),(574,579,580),(580,579,581),(581,579,582),(581,582,583),(583,582,584),(584,582,585),(585,582,586),(585,586,587),(587,586,588),(588,586,589),(588,589,590),(591,592,593),(592,591,594),(594,591,595),(595,591,596),(596,591,597),(597,591,598),(597,598,599),(597,599,600),(600,599,601),(600,601,602),(600,602,603),(600,603,604),(604,603,605),(604,605,606),(604,606,607),(607,606,608),(609,610,611),(610,609,612),(613,614,615),(614,613,616),(617,618,619),(618,617,620),(621,622,623),(622,621,624),(625,626,627),(626,625,628),(629,630,631),(630,629,632),(633,634,635),(634,633,636),(637,638,639),(638,637,640),(641,642,643),(642,641,644),(645,646,647),(646,645,648),(649,650,651),(650,649,652),(653,654,655),(654,653,656),(657,658,659),(658,657,660),(661,662,663),(662,661,664),(665,666,667),(666,665,668),(669,670,671),(670,669,672),(673,674,675),(674,673,676),(677,678,679),(678,677,680),(681,682,683),(682,681,684),(685,686,687),(686,685,688),(686,688,689),(689,688,690),(690,688,691),(691,688,692),(691,692,693),(693,692,694),(693,694,695),(695,694,696),(696,694,697),(696,697,698),(698,697,699),(698,699,700),(700,699,701),(700,701,702),(702,701,703),(702,703,704),(704,703,705),(704,705,706),(706,705,707),(706,707,708),(708,707,709),(708,709,710),(710,709,711),(711,709,712),(712,709,713),(712,713,714),(714,713,715),(714,715,716),(716,715,717),(716,717,718),(718,717,719),(718,719,720),(720,719,721),(720,721,722),(723,724,725),(724,723,726),(724,726,727),(727,726,728),(727,728,729),(729,728,685),(729,685,730),(730,685,687),(730,687,731),(730,731,732),(732,731,733),(732,733,734),(732,734,735),(735,734,736),(735,736,737),(737,736,738),(737,738,739),(739,738,740),(739,740,741),(739,741,742),(742,741,743),(742,743,744),(744,743,745),(744,745,746),(746,745,747),(747,745,748),(747,748,749),(749,748,750),(749,750,751),(751,750,752),(751,752,753),(753,752,754),(753,754,755),(753,755,711),(711,755,756),(711,756,710),(757,758,759),(758,757,760),(760,757,761),(760,761,762),(762,761,763),(762,763,764),(764,763,765),(764,765,766),(766,765,767),(767,765,768),(767,768,769),(769,768,770),(770,768,771),(770,771,772),(772,771,773),(772,773,774),(774,773,775),(774,775,776),(776,775,777),(777,775,778),(777,778,779),(779,778,780),(779,780,781),(781,780,782),(781,782,783),(781,783,784),(784,783,785),(784,785,786),(786,785,787),(786,787,788),(788,787,789),(788,789,790),(790,789,791),(791,789,792),(791,792,793),(793,792,794),(764,795,796),(795,764,766),(796,795,797),(796,797,798),(796,798,799),(796,799,800),(800,799,801),(800,801,802),(802,801,803),(802,803,804),(802,804,805),(805,804,806),(805,806,807),(807,806,808),(807,808,809),(809,808,810),(809,810,811),(811,810,812),(811,812,813),(813,812,814),(813,814,815),(815,814,816),(815,816,817),(817,816,794),(817,794,792),(817,792,818),(817,818,819),(819,818,820),(819,820,821),(821,820,822),(821,822,823),(823,822,824),(823,824,825),(825,824,826),(825,826,827),(827,826,828),(829,830,831),(830,829,832),(833,834,835),(834,833,836),(837,838,839),(838,837,840),(841,842,843),(842,841,844),(845,846,847),(846,845,848),(849,850,851),(850,849,852),(853,854,855),(854,853,856),(856,853,857),(857,853,858),(857,858,859),(859,858,860),(860,858,861),(861,858,862),(861,862,863),(861,863,864),(864,863,865),(864,865,866),(866,865,867),(867,865,868),(868,865,869),(868,869,870),(870,869,871),(871,869,872),(872,869,873),(872,873,874),(875,876,877),(876,875,878),(878,875,879),(878,879,880),(880,879,855),(880,855,881),(881,855,854),(881,854,882),(881,882,883),(881,883,884),(884,883,885),(884,885,886),(886,885,887),(886,887,888),(888,887,889),(888,889,890),(888,890,891),(891,890,892),(892,890,893),(892,893,894),(894,893,895),(895,893,896),(896,893,897),(897,893,898),(897,898,899),(899,898,900),(899,900,901),(902,903,904),(903,902,905),(905,902,906),(906,902,907),(906,907,908),(908,907,909),(908,909,910),(908,910,911),(911,910,912),(911,912,913),(911,913,914),(914,913,915),(914,915,916),(914,916,917),(917,916,918),(917,918,919),(919,918,920),(919,920,921),(919,921,896),(896,921,922),(896,922,895),(923,924,925),(924,923,926),(924,926,927),(924,927,928),(928,927,929),(928,929,930),(930,929,931),(931,929,932),(931,932,933),(933,932,934),(934,932,935),(934,935,936),(936,935,937),(937,935,938),(937,938,939),(939,938,940),(939,940,941),(941,940,942),(942,940,943),(942,943,944),(944,943,945),(946,947,948),(947,946,949),(947,949,950),(950,949,951),(950,951,952),(952,951,953),(952,953,954),(954,953,955),(955,953,956),(956,953,957),(956,957,958),(958,957,959),(958,959,960),(960,959,961),(960,961,962),(962,961,963),(963,961,964),(963,964,965),(963,965,966),(966,965,967),(966,967,945),(966,945,943),(966,943,968),(966,968,969),(969,968,970),(969,970,971),(971,970,972),(954,973,952),(973,954,974),(973,974,975),(973,975,976),(976,975,977),(976,977,978),(976,978,979),(976,979,980),(980,979,981),(981,979,982),(981,982,983),(983,982,984),(983,984,985),(983,985,986),(983,986,987),(987,986,988),(987,988,989),(987,989,990),(987,990,991),(991,990,992),(993,994,995),(994,993,996),(997,998,999),(998,997,1000),(1001,1002,1003),(1002,1001,1004),(1005,1006,1007),(1006,1005,1008),(1009,1010,1011),(1010,1009,1012),(1013,1014,1015),(1014,1013,1016),(1017,1018,1019),(1018,1017,1020),(1021,1022,1023),(1022,1021,1024),(1025,1026,1027),(1026,1025,1028),(1029,1030,1031),(1030,1029,1032),(1033,1034,1035),(1034,1033,1036),(1037,1038,1039),(1038,1037,1040),(1041,1042,1043),(1042,1041,1044),(1045,1046,1047),(1046,1045,1048),(1049,1050,1051),(1050,1049,1052),(1053,1054,1055),(1054,1053,1056),(1057,1058,1059),(1058,1057,1060),(1061,1062,1063),(1062,1061,1064),(1064,1061,1065),(1065,1061,1066),(1067,1068,1069),(1068,1067,1070),(1071,1072,1073),(1072,1071,1074),(1075,1076,1077),(1076,1075,1078),(1079,1080,1081),(1080,1079,1082),(1083,1084,1085),(1084,1083,1086),(1087,1088,1089),(1088,1087,1090),(1091,1092,1093),(1092,1091,1094),(1095,1096,1097),(1096,1095,1098),(1099,1100,1101),(1100,1099,1102),(1103,1104,1105),(1104,1103,1106),(1107,1108,1109),(1108,1107,1110),(1111,1112,1113),(1112,1111,1114),(1115,1116,1117),(1116,1115,1118),(1119,1120,1121),(1120,1119,1122),(1123,1124,1125),(1124,1123,1126),(1127,1128,1129),(1128,1127,1130),(1131,1132,1133),(1132,1131,1134),(1135,1136,1137),(1136,1135,1138),(1139,1140,1141),(1140,1139,1142),(1143,1144,1145),(1144,1143,1146),(1147,1148,1149),(1148,1147,1150),(1151,1152,1153),(1152,1151,1154),(1155,1156,1157),(1156,1155,1158),(1159,1160,1161),(1160,1159,1162),(1163,1164,1165),(1164,1163,1166),(1167,1168,1169),(1168,1167,1170),(1171,1172,1173),(1172,1171,1174),(1175,1176,1177),(1176,1175,1178),(1179,1180,1181),(1180,1179,1182),(1183,1184,1185),(1184,1183,1186),(1187,1188,1189),(1188,1187,1190),(1191,1192,1193),(1192,1191,1194),(1195,1196,1197),(1196,1195,1198),(1199,1200,1201),(1200,1199,1202),(1203,1204,1205),(1204,1203,1206),(1207,1208,1209),(1208,1207,1210),(1211,1212,1213),(1212,1211,1214),(1215,1216,1217),(1216,1215,1218),(1219,1220,1221),(1220,1219,1222),(1223,1224,1225),(1224,1223,1226),(1227,1228,1229),(1228,1227,1230),(1231,1232,1233),(1232,1231,1234),(1235,1236,1237),(1236,1235,1238),(1239,1240,1241),(1240,1239,1242),(1243,1244,1245),(1244,1243,1246),(1247,1248,1249),(1248,1247,1250),(1251,1252,1253),(1252,1251,1254),(1255,1256,1257),(1256,1255,1258),(1259,1260,1261),(1260,1259,1262),(1263,1264,1265),(1264,1263,1266),(1267,1268,1269),(1268,1267,1270)),$);
#366=IFCCARTESIANPOINTLIST3D(((0.3,-300.,5.),(0.3,-500.,0.),(0.3,-500.,5.),(0.3,-300.,0.),(97.845,-490.393,5.),(0.3,-300.,5.),(0.3,-500.,5.),(58.827,-294.236,5.),(115.105,-277.164,5.),(191.642,-461.94,5.),(166.971,-249.441,5.),(212.432,-212.132,5.),(278.085,-415.735,5.),(249.741,-166.671,5.),(277.464,-114.805,5.),(294.536,-58.527,5.),(353.853,-353.553,5.),(300.3,0.,5.),(500.3,0.,5.),(416.035,-277.785,5.),(462.24,-191.342,5.),(490.693,-97.545,5.),(0.3,-300.,5.),(58.827,-294.236,0.),(0.3,-300.,0.),(58.827,-294.236,5.),(300.3,0.,5.),(500.3,0.,0.),(300.3,0.,0.),(500.3,0.,5.),(300.3,0.,5.),(294.536,-58.527,0.),(294.536,-58.527,5.),(300.3,0.,0.),(191.642,-461.94,5.),(97.845,-490.393,0.),(191.642,-461.94,0.),(97.845,-490.393,5.),(0.3,-300.,0.),(97.845,-490.393,0.),(0.3,-500.,0.),(58.827,-294.236,0.),(115.105,-277.164,0.),(191.642,-461.94,0.),(166.971,-249.441,0.),(212.432,-212.132,0.),(278.085,-415.735,0.),(249.741,-166.671,0.),(277.464,-114.805,0.),(294.536,-58.527,0.),(353.853,-353.553,0.),(300.3,0.,0.),(500.3,0.,0.),(416.035,-277.785,0.),(462.24,-191.342,0.),(490.693,-97.545,0.),(490.693,-97.545,0.),(462.24,-191.342,5.),(462.24,-191.342,0.),(490.693,-97.545,5.),(462.24,-191.342,0.),(416.035,-277.785,5.),(416.035,-277.785,0.),(462.24,-191.342,5.),(500.3,0.,0.),(490.693,-97.545,5.),(490.693,-97.545,0.),(500.3,0.,5.),(278.085,-415.735,5.),(191.642,-461.94,0.),(278.085,-415.735,0.),(191.642,-461.94,5.),(353.853,-353.553,5.),(278.085,-415.735,0.),(353.853,-353.553,0.),(278.085,-415.735,5.),(58.827,-294.236,5.),(115.105,-277.164,0.),(58.827,-294.236,0.),(115.105,-277.164,5.),(416.035,-277.785,0.),(353.853,-353.553,5.),(353.853,-353.553,0.),(416.035,-277.785,5.),(294.536,-58.527,5.),(277.464,-114.805,0.),(277.464,-114.805,5.),(294.536,-58.527,0.),(97.845,-490.393,5.),(0.3,-500.,0.),(97.845,-490.393,0.),(0.3,-500.,5.),(877.313,53.797,0.),(881.793,37.789,5.),(881.793,37.789,0.),(877.313,53.797,5.),(871.041,68.83,0.),(877.313,53.797,5.),(877.313,53.797,0.),(871.041,68.83,5.),(813.425,-115.375,5.),(798.774,-120.117,0.),(813.425,-115.375,0.),(798.774,-120.117,5.),(827.53,-108.736,5.),(813.425,-115.375,0.),(827.53,-108.736,0.),(813.425,-115.375,5.),(705.8,-107.143,5.),(692.962,-97.994,0.),(705.8,-107.143,0.),(692.962,-97.994,5.),(884.434,-15.353,0.),(881.604,-32.57,5.),(881.604,-32.57,0.),(884.434,-15.353,5.),(885.377,2.85,0.),(884.434,-15.353,5.),(884.434,-15.353,0.),(885.377,2.85,5.),(683.164,95.825,5.),(668.786,76.852,0.),(668.786,76.852,5.),(683.164,95.825,0.),(683.164,95.825,5.),(700.79,110.973,0.),(683.164,95.825,0.),(700.79,110.973,5.),(720.806,121.793,5.),(743.212,128.285,0.),(720.806,121.793,0.),(743.212,128.285,5.),(743.212,128.285,5.),(768.006,130.449,0.),(743.212,128.285,0.),(768.006,130.449,5.),(700.79,110.973,5.),(720.806,121.793,0.),(700.79,110.973,0.),(720.806,121.793,5.),(800.367,126.383,5.),(815.29,121.301,0.),(800.367,126.383,0.),(815.29,121.301,5.),(768.174,102.448,5.),(751.506,100.965,0.),(768.174,102.448,0.),(751.506,100.965,5.),(791.292,99.367,5.),(768.174,102.448,0.),(791.292,99.367,0.),(768.174,102.448,5.),(884.481,20.807,0.),(885.377,2.85,5.),(885.377,2.85,0.),(884.481,20.807,5.),(861.955,-77.91,0.),(852.052,-89.977,5.),(852.052,-89.977,0.),(861.955,-77.91,5.),(870.287,-64.051,0.),(861.955,-77.91,5.),(861.955,-77.91,0.),(870.287,-64.051,5.),(652.354,28.939,5.),(650.3,0.,0.),(650.3,0.,5.),(652.354,28.939,0.),(658.516,54.557,5.),(652.354,28.939,0.),(652.354,28.939,5.),(658.516,54.557,0.),(815.29,121.301,5.),(829.374,114.185,0.),(815.29,121.301,0.),(829.374,114.185,5.),(881.793,37.789,0.),(884.481,20.807,5.),(884.481,20.807,0.),(881.793,37.789,5.),(689.808,-40.22,0.),(697.275,-56.542,5.),(697.275,-56.542,0.),(689.808,-40.22,5.),(697.275,-56.542,0.),(707.728,-70.506,5.),(707.728,-70.506,0.),(697.275,-56.542,5.),(650.3,0.,5.),(653.821,-31.522,0.),(653.821,-31.522,5.),(650.3,0.,0.),(653.821,-31.522,5.),(664.385,-61.368,0.),(664.385,-61.368,5.),(653.821,-31.522,0.),(664.385,-61.368,5.),(672.255,-75.107,0.),(672.255,-75.107,5.),(664.385,-61.368,0.),(685.328,-21.541,0.),(689.808,-40.22,5.),(689.808,-40.22,0.),(685.328,-21.541,5.),(668.786,76.852,5.),(658.516,54.557,0.),(658.516,54.557,5.),(668.786,76.852,0.),(881.604,-32.57,0.),(876.889,-48.803,5.),(876.889,-48.803,0.),(881.604,-32.57,5.),(767.839,-123.91,5.),(750.946,-122.862,0.),(767.839,-123.91,0.),(750.946,-122.862,5.),(783.579,-122.962,5.),(767.839,-123.91,0.),(783.579,-122.962,0.),(767.839,-123.91,5.),(798.774,-120.117,5.),(783.579,-122.962,0.),(798.774,-120.117,0.),(783.579,-122.962,5.),(829.374,114.185,5.),(842.228,105.251,0.),(829.374,114.185,0.),(842.228,105.251,5.),(853.456,94.714,0.),(863.061,82.574,5.),(863.061,82.574,0.),(853.456,94.714,5.),(863.061,82.574,0.),(871.041,68.83,5.),(871.041,68.83,0.),(863.061,82.574,5.),(768.006,130.449,5.),(784.606,129.433,0.),(768.006,130.449,0.),(784.606,129.433,5.),(784.606,129.433,5.),(800.367,126.383,0.),(784.606,129.433,0.),(800.367,126.383,5.),(876.889,-48.803,0.),(870.287,-64.051,5.),(870.287,-64.051,0.),(876.889,-48.803,5.),(842.228,105.251,5.),(853.456,94.714,0.),(842.228,105.251,0.),(853.456,94.714,5.),(750.946,-122.862,5.),(734.975,-119.718,0.),(750.946,-122.862,0.),(734.975,-119.718,5.),(719.926,-114.479,5.),(705.8,-107.143,0.),(719.926,-114.479,0.),(705.8,-107.143,5.),(672.255,-75.107,5.),(681.781,-87.316,0.),(681.781,-87.316,5.),(672.255,-75.107,0.),(692.962,-97.994,5.),(681.781,-87.316,0.),(692.962,-97.994,0.),(681.781,-87.316,5.),(734.975,-119.718,5.),(719.926,-114.479,0.),(734.975,-119.718,0.),(719.926,-114.479,5.),(683.835,-0.503,0.),(685.328,-21.541,5.),(685.328,-21.541,0.),(683.835,-0.503,5.),(840.577,-100.253,5.),(827.53,-108.736,0.),(840.577,-100.253,0.),(827.53,-108.736,5.),(767.671,-96.076,5.),(785.219,-94.463,0.),(767.671,-96.076,0.),(785.219,-94.463,5.),(750.406,-94.478,5.),(767.671,-96.076,0.),(750.406,-94.478,0.),(767.671,-96.076,5.),(685.391,25.261,0.),(683.835,-0.503,5.),(683.835,-0.503,0.),(685.391,25.261,5.),(690.059,47.053,0.),(685.391,25.261,5.),(685.391,25.261,0.),(690.059,47.053,5.),(852.052,-89.977,5.),(840.577,-100.253,0.),(852.052,-89.977,0.),(840.577,-100.253,5.),(707.728,-70.506,5.),(720.434,-81.693,0.),(707.728,-70.506,0.),(720.434,-81.693,5.),(-867.339,-122.904,5.),(-900.538,-122.904,0.),(-867.339,-122.904,0.),(-900.538,-122.904,5.),(-717.104,-122.904,5.),(-748.459,-122.904,0.),(-717.104,-122.904,0.),(-748.459,-122.904,5.),(-649.7,122.904,0.),(-717.104,-122.904,5.),(-717.104,-122.904,0.),(-649.7,122.904,5.),(-826.762,122.904,5.),(-873.543,-43.092,0.),(-873.543,-43.092,5.),(-826.762,122.904,0.),(-64.254,843.159,0.),(-64.254,650.,5.),(-64.254,650.,0.),(-64.254,843.159,5.),(-64.254,650.,5.),(-95.441,895.808,5.),(-95.441,650.,5.),(-64.254,843.159,5.),(-62.074,895.808,5.),(64.854,650.,5.),(67.034,702.817,5.),(98.221,650.,5.),(98.221,895.808,5.),(67.034,895.808,5.),(-740.914,-46.403,0.),(-733.201,-88.531,5.),(-733.201,-88.531,0.),(-740.914,-46.403,5.),(-720.961,-35.044,5.),(-733.201,-88.531,0.),(-733.201,-88.531,5.),(-720.961,-35.044,0.),(-815.193,64.386,0.),(-867.339,-122.904,5.),(-867.339,-122.904,0.),(-815.193,64.386,5.),(-807.983,93.226,0.),(-815.193,64.386,5.),(-815.193,64.386,0.),(-807.983,93.226,5.),(-800.27,64.386,5.),(-748.459,-122.904,0.),(-748.459,-122.904,5.),(-800.27,64.386,0.),(-932.396,122.904,0.),(-895.005,-38.229,5.),(-895.005,-38.229,0.),(-932.396,122.904,5.),(-932.396,122.904,0.),(-900.538,-122.904,0.),(-965.763,122.904,0.),(-895.005,-38.229,0.),(-884.609,-88.531,0.),(-867.339,-122.904,0.),(-873.543,-43.092,0.),(-826.762,122.904,0.),(-815.193,64.386,0.),(-807.983,93.226,0.),(-787.527,122.904,0.),(-800.27,64.386,0.),(-748.459,-122.904,0.),(-752.316,-1.509,0.),(-740.914,-46.403,0.),(-733.201,-88.531,0.),(-717.104,-122.904,0.),(-720.961,-35.044,0.),(-682.396,122.904,0.),(-649.7,122.904,0.),(-873.543,-43.092,5.),(-884.609,-88.531,0.),(-884.609,-88.531,5.),(-873.543,-43.092,0.),(-900.538,-122.904,5.),(-932.396,122.904,5.),(-965.763,122.904,5.),(-895.005,-38.229,5.),(-884.609,-88.531,5.),(-867.339,-122.904,5.),(-873.543,-43.092,5.),(-826.762,122.904,5.),(-815.193,64.386,5.),(-807.983,93.226,5.),(-787.527,122.904,5.),(-800.27,64.386,5.),(-748.459,-122.904,5.),(-752.316,-1.509,5.),(-740.914,-46.403,5.),(-733.201,-88.531,5.),(-717.104,-122.904,5.),(-720.961,-35.044,5.),(-682.396,122.904,5.),(-649.7,122.904,5.),(812.02,90.124,5.),(791.292,99.367,0.),(812.02,90.124,0.),(791.292,99.367,5.),(829.207,75.285,5.),(812.02,90.124,0.),(829.207,75.285,0.),(812.02,90.124,5.),(850.36,-19.356,5.),(845.911,-39.026,0.),(845.911,-39.026,5.),(850.36,-19.356,0.),(845.911,-39.026,5.),(838.497,-55.992,0.),(838.497,-55.992,5.),(845.911,-39.026,0.),(721.786,89.102,5.),(708.734,78.722,0.),(721.786,89.102,0.),(708.734,78.722,5.),(708.734,78.722,0.),(697.84,64.874,5.),(697.84,64.874,0.),(708.734,78.722,5.),(838.497,-55.992,5.),(828.117,-70.255,0.),(828.117,-70.255,5.),(838.497,-55.992,0.),(815.442,-81.552,5.),(828.117,-70.255,0.),(815.442,-81.552,0.),(828.117,-70.255,5.),(697.84,64.874,0.),(690.059,47.053,5.),(690.059,47.053,0.),(697.84,64.874,5.),(736.044,96.517,5.),(721.786,89.102,0.),(736.044,96.517,0.),(721.786,89.102,5.),(751.506,100.965,5.),(736.044,96.517,0.),(751.506,100.965,0.),(736.044,96.517,5.),(720.434,-81.693,5.),(734.66,-89.684,0.),(720.434,-81.693,0.),(734.66,-89.684,5.),(734.66,-89.684,5.),(750.406,-94.478,0.),(734.66,-89.684,0.),(750.406,-94.478,5.),(841.698,55.416,5.),(849.307,31.124,0.),(849.307,31.124,5.),(841.698,55.416,0.),(849.307,31.124,5.),(851.843,3.018,0.),(851.843,3.018,5.),(849.307,31.124,0.),(785.219,-94.463,5.),(801.143,-89.621,0.),(785.219,-94.463,0.),(801.143,-89.621,5.),(829.207,75.285,5.),(841.698,55.416,0.),(841.698,55.416,5.),(829.207,75.285,0.),(801.143,-89.621,5.),(815.442,-81.552,0.),(801.143,-89.621,0.),(815.442,-81.552,5.),(851.843,3.018,5.),(850.36,-19.356,0.),(850.36,-19.356,5.),(851.843,3.018,0.),(-682.396,122.904,5.),(-720.961,-35.044,0.),(-720.961,-35.044,5.),(-682.396,122.904,0.),(-965.763,122.904,5.),(-900.538,-122.904,0.),(-900.538,-122.904,5.),(-965.763,122.904,0.),(-807.983,93.226,5.),(-800.27,64.386,0.),(-800.27,64.386,5.),(-807.983,93.226,0.),(-826.762,122.904,5.),(-787.527,122.904,0.),(-826.762,122.904,0.),(-787.527,122.904,5.),(-682.396,122.904,5.),(-649.7,122.904,0.),(-682.396,122.904,0.),(-649.7,122.904,5.),(-787.527,122.904,0.),(-752.316,-1.509,5.),(-752.316,-1.509,0.),(-787.527,122.904,5.),(-752.316,-1.509,0.),(-740.914,-46.403,5.),(-740.914,-46.403,0.),(-752.316,-1.509,5.),(-895.005,-38.229,0.),(-884.609,-88.531,5.),(-884.609,-88.531,0.),(-895.005,-38.229,5.),(-965.763,122.904,5.),(-932.396,122.904,0.),(-965.763,122.904,0.),(-932.396,122.904,5.),(67.034,895.808,5.),(98.221,895.808,0.),(67.034,895.808,0.),(98.221,895.808,5.),(67.034,895.808,5.),(67.034,702.817,0.),(67.034,702.817,5.),(67.034,895.808,0.),(-95.441,895.808,5.),(-95.441,650.,0.),(-95.441,650.,5.),(-95.441,895.808,0.),(-64.254,650.,5.),(-95.441,650.,0.),(-64.254,650.,0.),(-95.441,650.,5.),(-95.441,895.808,5.),(-62.074,895.808,0.),(-95.441,895.808,0.),(-62.074,895.808,5.),(-62.074,895.808,0.),(67.034,702.817,5.),(67.034,702.817,0.),(-62.074,895.808,5.),(98.221,895.808,0.),(67.034,702.817,0.),(67.034,895.808,0.),(98.221,650.,0.),(-62.074,895.808,0.),(-95.441,650.,0.),(-95.441,895.808,0.),(-64.254,843.159,0.),(64.854,650.,0.),(-64.254,650.,0.),(98.221,650.,5.),(64.854,650.,0.),(98.221,650.,0.),(64.854,650.,5.),(-64.254,843.159,5.),(64.854,650.,0.),(64.854,650.,5.),(-64.254,843.159,0.),(98.221,895.808,0.),(98.221,650.,5.),(98.221,650.,0.),(98.221,895.808,5.),(-293.936,58.527,0.),(-299.7,0.,5.),(-299.7,0.,0.),(-293.936,58.527,5.),(249.741,-166.671,5.),(212.432,-212.132,0.),(212.432,-212.132,5.),(249.741,-166.671,0.),(166.971,-249.441,5.),(212.432,-212.132,0.),(166.971,-249.441,0.),(212.432,-212.132,5.),(-490.093,97.545,0.),(-299.7,0.,0.),(-499.7,0.,0.),(-461.64,191.342,0.),(-415.435,277.785,0.),(-353.253,353.553,0.),(-277.485,415.735,0.),(-293.936,58.527,0.),(-276.864,114.805,0.),(-191.042,461.94,0.),(-249.141,166.671,0.),(-211.832,212.132,0.),(-166.371,249.441,0.),(-97.245,490.393,0.),(-114.505,277.164,0.),(-58.227,294.236,0.),(0.3,500.,0.),(0.3,300.,0.),(-299.7,0.,5.),(-490.093,97.545,5.),(-499.7,0.,5.),(-461.64,191.342,5.),(-415.435,277.785,5.),(-353.253,353.553,5.),(-277.485,415.735,5.),(-293.936,58.527,5.),(-276.864,114.805,5.),(-191.042,461.94,5.),(-249.141,166.671,5.),(-211.832,212.132,5.),(-166.371,249.441,5.),(-97.245,490.393,5.),(-114.505,277.164,5.),(-58.227,294.236,5.),(0.3,500.,5.),(0.3,300.,5.),(0.3,500.,0.),(0.3,300.,5.),(0.3,300.,0.),(0.3,500.,5.),(-114.505,277.164,5.),(-166.371,249.441,0.),(-114.505,277.164,0.),(-166.371,249.441,5.),(-58.227,294.236,5.),(-114.505,277.164,0.),(-58.227,294.236,0.),(-114.505,277.164,5.),(0.3,300.,5.),(-58.227,294.236,0.),(0.3,300.,0.),(-58.227,294.236,5.),(115.105,-277.164,5.),(166.971,-249.441,0.),(115.105,-277.164,0.),(166.971,-249.441,5.),(-299.7,0.,5.),(-499.7,0.,0.),(-299.7,0.,0.),(-499.7,0.,5.),(277.464,-114.805,5.),(249.741,-166.671,0.),(249.741,-166.671,5.),(277.464,-114.805,0.),(-97.245,490.393,5.),(0.3,500.,0.),(-97.245,490.393,0.),(0.3,500.,5.),(-490.093,97.545,5.),(-499.7,0.,0.),(-499.7,0.,5.),(-490.093,97.545,0.),(-276.864,114.805,0.),(-293.936,58.527,5.),(-293.936,58.527,0.),(-276.864,114.805,5.),(-211.832,212.132,0.),(-249.141,166.671,5.),(-249.141,166.671,0.),(-211.832,212.132,5.),(-249.141,166.671,0.),(-276.864,114.805,5.),(-276.864,114.805,0.),(-249.141,166.671,5.),(-461.64,191.342,5.),(-490.093,97.545,0.),(-490.093,97.545,5.),(-461.64,191.342,0.),(-353.253,353.553,5.),(-277.485,415.735,0.),(-353.253,353.553,0.),(-277.485,415.735,5.),(-353.253,353.553,5.),(-415.435,277.785,0.),(-415.435,277.785,5.),(-353.253,353.553,0.),(-415.435,277.785,5.),(-461.64,191.342,0.),(-461.64,191.342,5.),(-415.435,277.785,0.),(-191.042,461.94,5.),(-97.245,490.393,0.),(-191.042,461.94,0.),(-97.245,490.393,5.),(-277.485,415.735,5.),(-191.042,461.94,0.),(-277.485,415.735,0.),(-191.042,461.94,5.),(-166.371,249.441,5.),(-211.832,212.132,0.),(-166.371,249.441,0.),(-211.832,212.132,5.),(683.164,95.825,0.),(685.391,25.261,0.),(683.835,-0.503,0.),(700.79,110.973,0.),(690.059,47.053,0.),(697.84,64.874,0.),(708.734,78.722,0.),(720.806,121.793,0.),(721.786,89.102,0.),(743.212,128.285,0.),(736.044,96.517,0.),(751.506,100.965,0.),(768.006,130.449,0.),(768.174,102.448,0.),(784.606,129.433,0.),(791.292,99.367,0.),(800.367,126.383,0.),(812.02,90.124,0.),(815.29,121.301,0.),(829.207,75.285,0.),(829.374,114.185,0.),(841.698,55.416,0.),(842.228,105.251,0.),(849.307,31.124,0.),(853.456,94.714,0.),(851.843,3.018,0.),(852.052,-89.977,0.),(861.955,-77.91,0.),(863.061,82.574,0.),(870.287,-64.051,0.),(871.041,68.83,0.),(876.889,-48.803,0.),(877.313,53.797,0.),(881.604,-32.57,0.),(881.793,37.789,0.),(884.434,-15.353,0.),(884.481,20.807,0.),(885.377,2.85,0.),(652.354,28.939,0.),(653.821,-31.522,0.),(650.3,0.,0.),(658.516,54.557,0.),(664.385,-61.368,0.),(668.786,76.852,0.),(672.255,-75.107,0.),(681.781,-87.316,0.),(685.328,-21.541,0.),(692.962,-97.994,0.),(689.808,-40.22,0.),(697.275,-56.542,0.),(705.8,-107.143,0.),(707.728,-70.506,0.),(719.926,-114.479,0.),(720.434,-81.693,0.),(734.975,-119.718,0.),(734.66,-89.684,0.),(750.406,-94.478,0.),(750.946,-122.862,0.),(767.671,-96.076,0.),(767.839,-123.91,0.),(785.219,-94.463,0.),(783.579,-122.962,0.),(798.774,-120.117,0.),(801.143,-89.621,0.),(813.425,-115.375,0.),(815.442,-81.552,0.),(827.53,-108.736,0.),(828.117,-70.255,0.),(840.577,-100.253,0.),(838.497,-55.992,0.),(845.911,-39.026,0.),(850.36,-19.356,0.),(653.821,-31.522,5.),(652.354,28.939,5.),(650.3,0.,5.),(658.516,54.557,5.),(664.385,-61.368,5.),(668.786,76.852,5.),(672.255,-75.107,5.),(683.164,95.825,5.),(681.781,-87.316,5.),(683.835,-0.503,5.),(685.328,-21.541,5.),(692.962,-97.994,5.),(689.808,-40.22,5.),(697.275,-56.542,5.),(705.8,-107.143,5.),(707.728,-70.506,5.),(719.926,-114.479,5.),(720.434,-81.693,5.),(734.975,-119.718,5.),(734.66,-89.684,5.),(750.406,-94.478,5.),(750.946,-122.862,5.),(767.671,-96.076,5.),(767.839,-123.91,5.),(785.219,-94.463,5.),(783.579,-122.962,5.),(798.774,-120.117,5.),(801.143,-89.621,5.),(813.425,-115.375,5.),(815.442,-81.552,5.),(827.53,-108.736,5.),(828.117,-70.255,5.),(840.577,-100.253,5.),(838.497,-55.992,5.),(845.911,-39.026,5.),(852.052,-89.977,5.),(850.36,-19.356,5.),(851.843,3.018,5.),(685.391,25.261,5.),(700.79,110.973,5.),(690.059,47.053,5.),(697.84,64.874,5.),(708.734,78.722,5.),(720.806,121.793,5.),(721.786,89.102,5.),(743.212,128.285,5.),(736.044,96.517,5.),(751.506,100.965,5.),(768.006,130.449,5.),(768.174,102.448,5.),(784.606,129.433,5.),(791.292,99.367,5.),(800.367,126.383,5.),(812.02,90.124,5.),(815.29,121.301,5.),(829.207,75.285,5.),(829.374,114.185,5.),(841.698,55.416,5.),(842.228,105.251,5.),(849.307,31.124,5.),(853.456,94.714,5.),(861.955,-77.91,5.),(863.061,82.574,5.),(870.287,-64.051,5.),(871.041,68.83,5.),(876.889,-48.803,5.),(877.313,53.797,5.),(881.604,-32.57,5.),(881.793,37.789,5.),(884.434,-15.353,5.),(884.481,20.807,5.),(885.377,2.85,5.),(0.3,200.,0.),(200.3,0.,0.),(0.3,0.,0.),(200.3,200.,0.),(200.3,0.,100.),(0.3,200.,100.),(0.3,0.,100.),(200.3,200.,100.),(200.3,0.,100.),(0.3,0.,0.),(200.3,0.,0.),(0.3,0.,100.),(0.3,200.,100.),(0.3,0.,0.),(0.3,0.,100.),(0.3,200.,0.),(0.3,200.,100.),(200.3,200.,0.),(0.3,200.,0.),(200.3,200.,100.),(200.3,200.,0.),(200.3,0.,100.),(200.3,0.,0.),(200.3,200.,100.),(-51.846,-658.384,0.),(-61.907,-715.56,0.),(-69.703,-668.716,0.),(-58.532,-701.413,0.),(-48.409,-689.487,0.),(-30.426,-652.096,0.),(-40.659,-684.755,0.),(-30.908,-681.376,0.),(-5.401,-678.672,0.),(-6.742,-650.,0.),(18.975,-652.201,0.),(19.478,-681.648,0.),(41.464,-658.803,0.),(29.323,-685.368,0.),(37.44,-690.577,0.),(43.942,-697.242,0.),(59.929,-669.681,0.),(48.946,-705.332,0.),(54.458,-725.788,0.),(85.645,-723.441,0.),(73.573,-684.708,0.),(82.208,-702.943,0.),(-90.621,-699.736,0.),(-91.103,-733.857,0.),(-93.261,-717.74,0.),(-84.626,-748.34,0.),(-82.698,-682.948,0.),(-73.748,-760.895,0.),(-58.385,-771.227,0.),(-59.517,-727.632,0.),(-52.349,-737.357,0.),(-39.732,-778.668,0.),(-35.393,-746.014,0.),(-10.934,-786.569,0.),(-3.305,-754.879,0.),(32.829,-798.558,0.),(30.125,-763.284,0.),(51.105,-770.557,0.),(46.075,-805.118,0.),(54.961,-813.062,0.),(69.758,-781.77,0.),(59.991,-822.43,0.),(61.668,-833.266,0.),(68.103,-882.981,0.),(81.789,-867.555,0.),(82.795,-795.624,0.),(90.214,-849.635,0.),(90.466,-811.951,0.),(93.023,-830.584,0.),(-71.967,-818.343,0.),(-98.941,-844.396,0.),(-102.651,-821.026,0.),(-89.153,-865.208,0.),(-73.895,-882.29,0.),(-68.341,-835.132,0.),(-53.774,-894.467,0.),(-61.823,-848.608,0.),(-51.658,-859.297,0.),(-28.519,-901.761,0.),(-37.091,-867.723,0.),(-19.276,-873.193,0.),(2.144,-904.192,0.),(0.635,-875.017,0.),(18.157,-873.633,0.),(27.149,-901.782,0.),(33.499,-869.484,0.),(49.512,-894.551,0.),(45.928,-862.923,0.),(54.71,-854.309,0.),(59.929,-844.228,0.),(-98.941,-844.396,5.),(-71.967,-818.343,5.),(-102.651,-821.026,5.),(-89.153,-865.208,5.),(-73.895,-882.29,5.),(-68.341,-835.132,5.),(-53.774,-894.467,5.),(-61.823,-848.608,5.),(-51.658,-859.297,5.),(-28.519,-901.761,5.),(-37.091,-867.723,5.),(-19.276,-873.193,5.),(2.144,-904.192,5.),(0.635,-875.017,5.),(18.157,-873.633,5.),(27.149,-901.782,5.),(33.499,-869.484,5.),(49.512,-894.551,5.),(45.928,-862.923,5.),(54.71,-854.309,5.),(68.103,-882.981,5.),(59.929,-844.228,5.),(61.668,-833.266,5.),(-91.103,-733.857,5.),(-90.621,-699.736,5.),(-93.261,-717.74,5.),(-84.626,-748.34,5.),(-82.698,-682.948,5.),(-73.748,-760.895,5.),(-69.703,-668.716,5.),(-58.385,-771.227,5.),(-61.907,-715.56,5.),(-59.517,-727.632,5.),(-52.349,-737.357,5.),(-39.732,-778.668,5.),(-35.393,-746.014,5.),(-10.934,-786.569,5.),(-3.305,-754.879,5.),(32.829,-798.558,5.),(30.125,-763.284,5.),(51.105,-770.557,5.),(46.075,-805.118,5.),(54.961,-813.062,5.),(69.758,-781.77,5.),(59.991,-822.43,5.),(81.789,-867.555,5.),(82.795,-795.624,5.),(90.214,-849.635,5.),(90.466,-811.951,5.),(93.023,-830.584,5.),(-51.846,-658.384,5.),(-58.532,-701.413,5.),(-48.409,-689.487,5.),(-30.426,-652.096,5.),(-40.659,-684.755,5.),(-30.908,-681.376,5.),(-5.401,-678.672,5.),(-6.742,-650.,5.),(18.975,-652.201,5.),(19.478,-681.648,5.),(41.464,-658.803,5.),(29.323,-685.368,5.),(37.44,-690.577,5.),(43.942,-697.242,5.),(59.929,-669.681,5.),(48.946,-705.332,5.),(54.458,-725.788,5.),(85.645,-723.441,5.),(73.573,-684.708,5.),(82.208,-702.943,5.),(-102.651,-821.026,5.),(-71.967,-818.343,0.),(-102.651,-821.026,0.),(-71.967,-818.343,5.),(-71.967,-818.343,0.),(-68.341,-835.132,5.),(-68.341,-835.132,0.),(-71.967,-818.343,5.),(-68.341,-835.132,0.),(-61.823,-848.608,5.),(-61.823,-848.608,0.),(-68.341,-835.132,5.),(-61.823,-848.608,0.),(-51.658,-859.297,5.),(-51.658,-859.297,0.),(-61.823,-848.608,5.),(-51.658,-859.297,5.),(-37.091,-867.723,0.),(-51.658,-859.297,0.),(-37.091,-867.723,5.),(-37.091,-867.723,5.),(-19.276,-873.193,0.),(-37.091,-867.723,0.),(-19.276,-873.193,5.),(-19.276,-873.193,5.),(0.635,-875.017,0.),(-19.276,-873.193,0.),(0.635,-875.017,5.),(0.635,-875.017,5.),(18.157,-873.633,0.),(0.635,-875.017,0.),(18.157,-873.633,5.),(18.157,-873.633,5.),(33.499,-869.484,0.),(18.157,-873.633,0.),(33.499,-869.484,5.),(33.499,-869.484,5.),(45.928,-862.923,0.),(33.499,-869.484,0.),(45.928,-862.923,5.),(45.928,-862.923,5.),(54.71,-854.309,0.),(45.928,-862.923,0.),(54.71,-854.309,5.),(59.929,-844.228,5.),(54.71,-854.309,0.),(54.71,-854.309,5.),(59.929,-844.228,0.),(61.668,-833.266,5.),(59.929,-844.228,0.),(59.929,-844.228,5.),(61.668,-833.266,0.),(59.991,-822.43,5.),(61.668,-833.266,0.),(61.668,-833.266,5.),(59.991,-822.43,0.),(54.961,-813.062,5.),(59.991,-822.43,0.),(59.991,-822.43,5.),(54.961,-813.062,0.),(54.961,-813.062,5.),(46.075,-805.118,0.),(54.961,-813.062,0.),(46.075,-805.118,5.),(46.075,-805.118,5.),(32.829,-798.558,0.),(46.075,-805.118,0.),(32.829,-798.558,5.),(32.829,-798.558,5.),(-10.934,-786.569,0.),(32.829,-798.558,0.),(-39.732,-778.668,0.),(-39.732,-778.668,5.),(-10.934,-786.569,5.),(-39.732,-778.668,5.),(-58.385,-771.227,0.),(-39.732,-778.668,0.),(-58.385,-771.227,5.),(-58.385,-771.227,5.),(-73.748,-760.895,0.),(-58.385,-771.227,0.),(-73.748,-760.895,5.),(-84.626,-748.34,5.),(-73.748,-760.895,0.),(-73.748,-760.895,5.),(-84.626,-748.34,0.),(-91.103,-733.857,5.),(-84.626,-748.34,0.),(-84.626,-748.34,5.),(-91.103,-733.857,0.),(-93.261,-717.74,5.),(-91.103,-733.857,0.),(-91.103,-733.857,5.),(-93.261,-717.74,0.),(-90.621,-699.736,5.),(-93.261,-717.74,0.),(-93.261,-717.74,5.),(-90.621,-699.736,0.),(-82.698,-682.948,5.),(-90.621,-699.736,0.),(-90.621,-699.736,5.),(-82.698,-682.948,0.),(-69.703,-668.716,5.),(-82.698,-682.948,0.),(-82.698,-682.948,5.),(-69.703,-668.716,0.),(-69.703,-668.716,5.),(-51.846,-658.384,0.),(-69.703,-668.716,0.),(-51.846,-658.384,5.),(-51.846,-658.384,5.),(-30.426,-652.096,0.),(-51.846,-658.384,0.),(-30.426,-652.096,5.),(-30.426,-652.096,5.),(-6.742,-650.,0.),(-30.426,-652.096,0.),(-6.742,-650.,5.),(-6.742,-650.,5.),(18.975,-652.201,0.),(-6.742,-650.,0.),(18.975,-652.201,5.),(18.975,-652.201,5.),(41.464,-658.803,0.),(18.975,-652.201,0.),(41.464,-658.803,5.),(41.464,-658.803,5.),(59.929,-669.681,0.),(41.464,-658.803,0.),(59.929,-669.681,5.),(59.929,-669.681,0.),(73.573,-684.708,5.),(73.573,-684.708,0.),(59.929,-669.681,5.),(73.573,-684.708,0.),(82.208,-702.943,5.),(82.208,-702.943,0.),(73.573,-684.708,5.),(82.208,-702.943,0.),(85.645,-723.441,5.),(85.645,-723.441,0.),(82.208,-702.943,5.),(85.645,-723.441,5.),(54.458,-725.788,0.),(85.645,-723.441,0.),(54.458,-725.788,5.),(48.946,-705.332,5.),(54.458,-725.788,0.),(54.458,-725.788,5.),(48.946,-705.332,0.),(43.942,-697.242,5.),(48.946,-705.332,0.),(48.946,-705.332,5.),(43.942,-697.242,0.),(37.44,-690.577,5.),(43.942,-697.242,0.),(43.942,-697.242,5.),(37.44,-690.577,0.),(37.44,-690.577,5.),(29.323,-685.368,0.),(37.44,-690.577,0.),(29.323,-685.368,5.),(29.323,-685.368,5.),(19.478,-681.648,0.),(29.323,-685.368,0.),(19.478,-681.648,5.),(19.478,-681.648,5.),(-5.401,-678.672,0.),(19.478,-681.648,0.),(-5.401,-678.672,5.),(-5.401,-678.672,5.),(-30.908,-681.376,0.),(-5.401,-678.672,0.),(-30.908,-681.376,5.),(-30.908,-681.376,5.),(-40.659,-684.755,0.),(-30.908,-681.376,0.),(-40.659,-684.755,5.),(-40.659,-684.755,5.),(-48.409,-689.487,0.),(-40.659,-684.755,0.),(-48.409,-689.487,5.),(-48.409,-689.487,0.),(-58.532,-701.413,5.),(-58.532,-701.413,0.),(-48.409,-689.487,5.),(-58.532,-701.413,0.),(-61.907,-715.56,5.),(-61.907,-715.56,0.),(-58.532,-701.413,5.),(-61.907,-715.56,0.),(-59.517,-727.632,5.),(-59.517,-727.632,0.),(-61.907,-715.56,5.),(-59.517,-727.632,0.),(-52.349,-737.357,5.),(-52.349,-737.357,0.),(-59.517,-727.632,5.),(-52.349,-737.357,5.),(-35.393,-746.014,0.),(-52.349,-737.357,0.),(-35.393,-746.014,5.),(-35.393,-746.014,5.),(-3.305,-754.879,0.),(-35.393,-746.014,0.),(-3.305,-754.879,5.),(-3.305,-754.879,5.),(30.125,-763.284,0.),(-3.305,-754.879,0.),(30.125,-763.284,5.),(30.125,-763.284,5.),(51.105,-770.557,0.),(30.125,-763.284,0.),(51.105,-770.557,5.),(51.105,-770.557,5.),(69.758,-781.77,0.),(51.105,-770.557,0.),(69.758,-781.77,5.),(69.758,-781.77,0.),(82.795,-795.624,5.),(82.795,-795.624,0.),(69.758,-781.77,5.),(82.795,-795.624,0.),(90.466,-811.951,5.),(90.466,-811.951,0.),(82.795,-795.624,5.),(90.466,-811.951,0.),(93.023,-830.584,5.),(93.023,-830.584,0.),(90.466,-811.951,5.),(93.023,-830.584,0.),(90.214,-849.635,5.),(90.214,-849.635,0.),(93.023,-830.584,5.),(90.214,-849.635,0.),(81.789,-867.555,5.),(81.789,-867.555,0.),(90.214,-849.635,5.),(81.789,-867.555,0.),(68.103,-882.981,5.),(68.103,-882.981,0.),(81.789,-867.555,5.),(68.103,-882.981,5.),(49.512,-894.551,0.),(68.103,-882.981,0.),(49.512,-894.551,5.),(49.512,-894.551,5.),(27.149,-901.782,0.),(49.512,-894.551,0.),(27.149,-901.782,5.),(27.149,-901.782,5.),(2.144,-904.192,0.),(27.149,-901.782,0.),(2.144,-904.192,5.),(2.144,-904.192,5.),(-28.519,-901.761,0.),(2.144,-904.192,0.),(-28.519,-901.761,5.),(-28.519,-901.761,5.),(-53.774,-894.467,0.),(-28.519,-901.761,0.),(-53.774,-894.467,5.),(-53.774,-894.467,5.),(-73.895,-882.29,0.),(-53.774,-894.467,0.),(-73.895,-882.29,5.),(-89.153,-865.208,5.),(-73.895,-882.29,0.),(-73.895,-882.29,5.),(-89.153,-865.208,0.),(-98.941,-844.396,5.),(-89.153,-865.208,0.),(-89.153,-865.208,5.),(-98.941,-844.396,0.),(-102.651,-821.026,5.),(-98.941,-844.396,0.),(-98.941,-844.396,5.),(-102.651,-821.026,0.)));
#367=IFCSTYLEDITEM(#365,(#370),$);
#368=IFCSURFACESTYLERENDERING(#369,0.,$,$,$,$,$,$,.NOTDEFINED.);
#369=IFCCOLOURRGB($,0.,0.,0.);
#370=IFCSURFACESTYLE('virtual_black',.BOTH.,(#368));
#371=IFCPRODUCTDEFINITIONSHAPE($,$,(#364));
ENDSEC;
END-ISO-10303-21;
